PLAYER_ID,PLAYER_NAME,TEAM_ABBREVIATION,GP,MIN,FGM,FGA,FG_PCT,FG3M,FG3A,FG3_PCT,FTM,FTA,FT_PCT,OREB,DREB,REB,AST,STL,BLK,TOV,PF,PTS,PLUS_MINUS,SEASON_ID
201985,AJ Price,IND,56,15.5,2.6,6.3,0.41,1.1,3.1,0.345,1.1,1.3,0.8,0.2,1.4,1.6,1.9,0.6,0.1,1.1,0.9,7.3,0.9,2009-10
201166,Aaron Brooks,HOU,82,35.6,7.0,16.2,0.432,2.5,6.4,0.398,3.0,3.6,0.822,0.7,2.0,2.6,5.3,0.8,0.2,2.8,2.4,19.6,-0.3,2009-10
201189,Aaron Gray,NOH,32,9.7,1.3,2.6,0.512,0.0,0.0,0.0,0.6,0.9,0.714,1.4,1.9,3.3,0.7,0.3,0.3,0.6,1.7,3.3,-0.4,2009-10
201151,Acie Law,CHI,26,9.0,1.3,2.9,0.467,0.2,0.6,0.313,1.5,1.9,0.776,0.1,0.5,0.7,1.0,0.4,0.0,0.7,0.6,4.3,0.8,2009-10
200747,Adam Morrison,LAL,31,7.8,1.0,2.7,0.376,0.2,0.7,0.238,0.2,0.3,0.625,0.3,0.7,1.0,0.6,0.1,0.1,0.3,0.5,2.4,-1.2,2009-10
1733,Al Harrington,NYK,72,30.5,6.2,14.3,0.435,1.9,5.7,0.342,3.3,4.4,0.757,1.2,4.4,5.6,1.5,0.9,0.4,1.8,2.9,17.7,-3.1,2009-10
201143,Al Horford,ATL,81,35.1,5.8,10.5,0.551,0.0,0.0,1.0,2.6,3.3,0.789,2.9,7.0,9.9,2.3,0.7,1.1,1.5,2.8,14.2,5.7,2009-10
2744,Al Jefferson,MIN,76,32.4,7.4,14.8,0.498,0.0,0.1,0.0,2.4,3.5,0.68,2.4,6.9,9.3,1.8,0.8,1.3,1.8,2.7,17.1,-6.8,2009-10
201154,Al Thornton,WAS,75,27.7,4.3,9.0,0.473,0.1,0.4,0.355,2.0,2.8,0.725,1.5,2.4,3.9,1.2,0.6,0.5,1.4,2.7,10.7,-4.1,2009-10
201169,Alando Tucker,MIN,15,6.4,1.1,2.6,0.436,0.1,0.5,0.143,1.1,1.4,0.762,0.4,0.3,0.7,0.3,0.0,0.0,0.3,0.4,3.4,-2.9,2009-10
201582,Alexis Ajinca,CHA,6,4.9,0.8,1.7,0.5,0.0,0.0,0.0,0.0,0.2,0.0,0.2,0.5,0.7,0.0,0.2,0.2,0.3,0.8,1.7,0.7,2009-10
947,Allen Iverson,PHI,28,30.9,4.9,11.3,0.43,0.3,0.9,0.36,3.7,4.7,0.794,0.6,2.3,2.8,4.0,0.7,0.1,2.3,1.7,13.8,-1.5,2009-10
202087,Alonzo Gee,WAS,11,16.5,2.5,5.4,0.475,0.6,0.8,0.778,1.6,2.6,0.621,1.4,1.6,3.0,0.6,0.6,0.1,0.9,1.2,7.4,-0.5,2009-10
2405,Amar'e Stoudemire,PHX,82,34.6,8.6,15.4,0.557,0.0,0.1,0.167,5.9,7.7,0.771,2.8,6.1,8.9,1.0,0.6,1.0,2.6,3.4,23.1,3.9,2009-10
101161,Amir Johnson,TOR,82,17.7,2.5,4.1,0.623,0.0,0.0,0.0,1.2,1.8,0.638,1.9,2.9,4.8,0.6,0.5,0.8,0.8,3.1,6.2,0.6,2009-10
2760,Anderson Varejao,CLE,76,28.5,3.5,6.1,0.572,0.0,0.1,0.2,1.5,2.3,0.663,2.5,5.1,7.6,1.1,0.9,0.9,0.9,2.9,8.6,6.7,2009-10
101154,Andray Blatche,WAS,81,27.9,5.9,12.3,0.478,0.2,0.5,0.295,2.1,2.9,0.744,2.0,4.3,6.3,2.1,1.0,0.9,2.2,2.7,14.1,-3.5,2009-10
2738,Andre Iguodala,PHI,82,38.9,6.0,13.7,0.443,1.1,3.7,0.31,3.8,5.2,0.733,1.0,5.5,6.5,5.8,1.7,0.7,2.7,1.8,17.1,-3.2,2009-10
1889,Andre Miller,POR,82,30.5,4.9,11.1,0.445,0.2,1.0,0.2,3.9,4.8,0.821,1.0,2.3,3.2,5.4,1.1,0.1,2.1,2.1,14.0,3.6,2009-10
200745,Andrea Bargnani,TOR,80,35.0,6.7,14.3,0.47,1.5,4.1,0.372,2.3,2.9,0.774,1.3,4.9,6.2,1.2,0.3,1.4,1.5,2.7,17.2,-1.9,2009-10
1905,Andrei Kirilenko,UTA,58,29.0,4.2,8.3,0.506,0.4,1.5,0.292,3.0,4.0,0.744,1.3,3.2,4.6,2.7,1.4,1.2,1.4,1.8,11.9,4.1,2009-10
2804,Andres Nocioni,SAC,75,19.7,3.1,7.8,0.399,1.3,3.3,0.386,0.9,1.3,0.717,0.4,2.5,3.0,1.0,0.4,0.3,0.9,2.1,8.5,-2.1,2009-10
101106,Andrew Bogut,MIL,69,32.3,6.9,13.2,0.52,0.0,0.0,0.0,2.2,3.4,0.629,3.0,7.1,10.2,1.8,0.6,2.5,1.9,3.2,15.9,3.3,2009-10
101115,Andrew Bynum,LAL,65,30.4,6.0,10.6,0.57,0.0,0.0,0.0,3.0,4.0,0.739,2.7,5.6,8.3,1.0,0.5,1.4,1.8,3.0,15.0,4.2,2009-10
2740,Andris Biedrins,GSW,33,23.1,2.5,4.2,0.591,0.0,0.0,0.0,0.1,0.8,0.16,1.9,5.9,7.8,1.7,0.6,1.3,1.0,3.5,5.0,-3.8,2009-10
1712,Antawn Jamison,CLE,66,36.5,7.2,15.7,0.461,1.3,3.7,0.344,2.9,4.5,0.647,2.1,6.3,8.4,1.3,1.1,0.3,1.4,2.7,18.7,0.9,2009-10
1853,Anthony Carter,DEN,54,15.9,1.4,3.4,0.42,0.3,1.2,0.27,0.2,0.2,0.846,0.3,1.3,1.6,3.0,0.7,0.2,1.1,1.3,3.3,-0.6,2009-10
1533,Anthony Johnson,ORL,31,13.1,1.6,3.6,0.441,0.4,1.3,0.333,0.6,0.6,0.95,0.3,1.3,1.5,2.0,0.4,0.0,0.8,1.0,4.2,0.9,2009-10
201627,Anthony Morrow,GSW,69,29.2,4.8,10.2,0.468,2.0,4.4,0.456,1.5,1.7,0.886,0.9,2.9,3.8,1.5,0.9,0.2,1.2,2.3,13.0,-0.9,2009-10
1515,Anthony Parker,CLE,81,28.3,2.5,5.9,0.434,1.3,3.2,0.414,0.9,1.2,0.789,0.4,2.5,2.9,1.9,0.8,0.2,0.9,1.9,7.3,5.0,2009-10
201576,Anthony Randolph,GSW,33,22.7,4.2,9.4,0.443,0.0,0.2,0.2,3.3,4.1,0.801,2.2,4.3,6.5,1.3,0.8,1.5,1.5,2.8,11.6,-2.2,2009-10
201229,Anthony Tolliver,GSW,46,31.0,4.2,9.8,0.43,1.1,3.3,0.329,2.2,2.9,0.769,1.8,5.1,7.0,1.9,0.7,0.7,1.0,2.8,11.7,-0.2,2009-10
101120,Antoine Wright,TOR,67,20.8,2.4,6.0,0.406,0.9,2.6,0.335,0.8,1.1,0.688,0.6,2.3,2.8,1.1,0.4,0.2,0.9,2.0,6.5,0.0,2009-10
202079,Antonio Anderson,OKC,1,14.6,1.0,3.0,0.333,0.0,0.0,0.0,0.0,0.0,0.0,1.0,0.0,1.0,0.0,0.0,0.0,1.0,1.0,2.0,-2.0,2009-10
686,Antonio McDyess,SAS,77,21.0,2.7,5.6,0.479,0.0,0.0,0.0,0.5,0.7,0.632,1.9,4.0,5.9,1.1,0.6,0.4,1.0,1.9,5.8,2.8,2009-10
201167,Arron Afflalo,DEN,82,27.1,3.3,7.1,0.465,1.3,3.0,0.434,0.9,1.2,0.735,0.7,2.4,3.1,1.7,0.6,0.4,0.9,2.7,8.8,2.2,2009-10
201948,Austin Daye,DET,69,13.3,2.0,4.3,0.464,0.4,1.4,0.305,0.7,0.8,0.821,0.5,2.0,2.5,0.5,0.4,0.4,0.7,1.7,5.1,-1.7,2009-10
1884,Baron Davis,LAC,75,33.6,5.5,13.5,0.406,1.1,3.9,0.277,3.2,3.9,0.821,0.7,2.9,3.5,8.0,1.7,0.6,2.8,2.8,15.3,-2.6,2009-10
2732,Ben Gordon,DET,62,27.9,4.7,11.3,0.416,1.2,3.8,0.321,3.2,3.7,0.861,0.4,1.5,1.9,2.7,0.8,0.1,1.9,2.4,13.8,-3.1,2009-10
1112,Ben Wallace,DET,69,28.6,2.3,4.2,0.541,0.0,0.0,0.0,0.9,2.3,0.406,3.6,5.1,8.7,1.5,1.2,1.2,0.9,1.9,5.5,-0.7,2009-10
2757,Beno Udrih,SAC,79,31.3,5.3,10.6,0.493,0.9,2.5,0.377,1.5,1.8,0.837,0.5,2.3,2.8,4.7,1.1,0.1,1.7,2.1,12.9,-2.2,2009-10
201628,Bobby Brown,LAC,45,11.5,2.0,5.3,0.371,0.6,2.2,0.265,0.3,0.3,0.867,0.2,0.6,0.8,2.0,0.3,0.0,1.0,0.9,4.8,-2.0,2009-10
2250,Bobby Simmons,NJN,23,17.2,1.8,5.1,0.359,0.9,2.7,0.317,0.8,0.9,0.9,0.5,2.3,2.7,0.7,0.7,0.1,0.8,2.3,5.3,-1.9,2009-10
2564,Boris Diaw,CHA,82,35.4,4.5,9.4,0.483,0.8,2.5,0.32,1.4,1.8,0.769,1.6,3.6,5.2,4.0,0.7,0.7,2.2,2.7,11.3,1.9,2009-10
1802,Brad Miller,CHI,82,23.8,3.0,7.1,0.43,0.5,1.6,0.28,2.2,2.7,0.827,1.0,3.9,4.9,1.9,0.5,0.4,1.3,2.3,8.8,-0.2,2009-10
101138,Brandon Bass,ORL,50,13.0,2.4,4.7,0.511,0.0,0.0,0.0,1.0,1.3,0.825,1.1,1.5,2.5,0.4,0.2,0.5,0.6,1.4,5.8,0.8,2009-10
201943,Brandon Jennings,MIL,82,32.6,5.5,14.8,0.371,1.8,4.7,0.374,2.7,3.3,0.817,0.6,2.8,3.4,5.7,1.3,0.2,2.4,2.3,15.5,1.4,2009-10
200750,Brandon Roy,POR,65,37.2,7.6,16.0,0.473,1.1,3.4,0.33,5.3,6.8,0.78,1.1,3.3,4.4,4.7,0.9,0.2,2.0,2.1,21.5,3.8,2009-10
201575,Brandon Rush,IND,82,30.4,3.6,8.6,0.423,1.5,3.7,0.411,0.7,1.1,0.629,0.5,3.7,4.2,1.4,0.7,0.8,1.1,1.9,9.4,-2.5,2009-10
2217,Brendan Haywood,DAL,77,30.6,3.6,6.4,0.562,0.0,0.0,0.0,2.0,3.2,0.62,3.6,5.7,9.3,0.6,0.3,2.1,1.3,2.7,9.1,0.6,2009-10
2073,Brian Cardinal,MIN,29,9.2,0.5,1.2,0.389,0.1,0.3,0.333,0.6,0.6,0.944,0.2,0.8,1.0,0.8,0.3,0.1,0.2,1.9,1.7,-2.0,2009-10
2567,Brian Cook,HOU,15,3.0,0.5,1.5,0.304,0.1,0.6,0.222,0.3,0.5,0.714,0.1,0.5,0.6,0.1,0.0,0.1,0.4,0.3,1.4,-2.0,2009-10
2243,Brian Scalabrine,BOS,52,9.1,0.6,1.6,0.341,0.3,0.9,0.327,0.1,0.1,0.667,0.2,0.8,0.9,0.5,0.2,0.1,0.3,1.1,1.5,-1.2,2009-10
1730,Brian Skinner,LAC,16,7.7,0.6,1.6,0.4,0.0,0.0,0.0,0.4,0.5,0.75,0.6,1.1,1.7,0.0,0.2,0.3,0.4,1.3,1.6,-2.6,2009-10
201572,Brook Lopez,NJN,82,36.9,6.9,13.8,0.499,0.0,0.0,0.0,5.1,6.2,0.817,3.3,5.4,8.6,2.3,0.7,1.7,2.5,3.1,18.8,-7.2,2009-10
201957,Byron Mullens,OKC,13,4.2,0.5,1.5,0.368,0.0,0.0,0.0,0.0,0.0,0.0,0.2,0.5,0.8,0.1,0.2,0.0,0.3,1.0,1.1,-2.5,2009-10
201228,C.J. Watson,GSW,65,27.5,3.8,8.1,0.468,0.7,2.2,0.31,2.0,2.6,0.771,0.4,2.2,2.6,2.8,1.6,0.1,1.1,1.9,10.3,0.0,2009-10
101139,CJ Miles,UTA,63,23.8,3.8,8.9,0.429,1.2,3.4,0.341,1.0,1.5,0.695,0.7,2.0,2.7,1.7,0.9,0.3,1.3,3.0,9.9,2.6,2009-10
201171,Carl Landry,SAC,80,30.9,6.2,11.6,0.536,0.0,0.0,0.333,4.3,5.3,0.806,2.4,3.5,5.9,0.8,0.7,0.8,1.7,2.9,16.8,-1.2,2009-10
2306,Carlos Arroyo,MIA,72,22.0,2.5,5.2,0.475,0.1,0.3,0.28,1.1,1.3,0.844,0.4,1.4,1.8,3.1,0.5,0.1,0.8,1.4,6.1,0.8,2009-10
2430,Carlos Boozer,UTA,78,34.3,7.9,14.1,0.562,0.0,0.0,0.0,3.7,4.9,0.742,2.3,8.9,11.2,3.2,1.1,0.5,2.7,3.5,19.5,3.3,2009-10
2568,Carlos Delfino,MIL,75,30.4,4.0,9.8,0.408,1.8,4.9,0.367,1.2,1.6,0.782,0.7,4.6,5.3,2.7,1.1,0.3,1.6,1.8,11.0,1.5,2009-10
2546,Carmelo Anthony,DEN,69,38.2,10.0,21.8,0.458,0.9,2.7,0.316,7.4,8.9,0.83,2.2,4.4,6.6,3.2,1.3,0.4,3.0,3.3,28.2,4.1,2009-10
2406,Caron Butler,DAL,74,37.6,6.1,14.2,0.428,0.6,2.0,0.29,3.6,4.3,0.838,1.4,4.8,6.2,2.1,1.6,0.3,2.2,2.6,16.3,-0.3,2009-10
201858,Cartier Martin,WAS,18,21.7,2.8,7.6,0.368,0.9,2.7,0.347,1.3,1.7,0.8,1.4,2.4,3.8,0.9,0.6,0.1,1.1,2.7,7.8,0.0,2009-10
202132,Cedric Jackson,WAS,12,6.2,0.5,1.7,0.3,0.1,0.5,0.167,0.6,1.0,0.583,0.2,0.5,0.7,1.2,0.3,0.2,0.9,0.6,1.7,-0.8,2009-10
101112,Channing Frye,PHX,81,27.0,3.9,8.7,0.451,2.1,4.8,0.439,1.2,1.5,0.81,0.8,4.5,5.3,1.4,0.8,0.9,0.9,3.2,11.2,4.4,2009-10
2294,Charlie Bell,MIL,71,22.7,2.4,6.2,0.381,1.0,2.8,0.365,0.7,0.9,0.716,0.4,1.4,1.9,1.5,0.5,0.2,0.8,1.9,6.5,0.4,2009-10
101111,Charlie Villanueva,DET,78,23.7,4.7,10.6,0.439,1.3,3.6,0.351,1.4,1.7,0.815,1.1,3.6,4.7,0.7,0.6,0.7,0.9,2.9,11.9,-3.6,2009-10
201978,Chase Budinger,HOU,74,20.1,3.4,7.6,0.441,1.2,3.4,0.369,0.9,1.2,0.77,0.5,2.5,3.0,1.2,0.5,0.1,0.6,1.1,8.9,0.0,2009-10
1497,Chauncey Billups,DEN,73,34.1,5.5,13.2,0.418,2.2,5.6,0.386,6.4,7.0,0.91,0.3,2.8,3.1,5.6,1.1,0.1,2.4,2.1,19.5,2.9,2009-10
2365,Chris Andersen,DEN,76,22.3,1.9,3.3,0.566,0.0,0.0,0.0,2.2,3.1,0.695,1.9,4.4,6.4,0.4,0.6,1.9,0.8,2.3,5.9,4.4,2009-10
2547,Chris Bosh,TOR,70,36.1,8.6,16.5,0.518,0.1,0.3,0.364,6.7,8.4,0.797,2.9,7.9,10.8,2.4,0.6,1.0,2.4,2.4,24.0,0.1,2009-10
201604,Chris Douglas-Roberts,NJN,67,25.8,3.8,8.6,0.445,0.2,0.8,0.259,2.0,2.3,0.847,0.7,2.3,3.0,1.4,0.8,0.3,1.4,1.5,9.8,-5.4,2009-10
2768,Chris Duhon,NYK,67,30.9,2.5,6.7,0.373,1.3,3.9,0.349,1.0,1.4,0.716,0.4,2.2,2.7,5.6,0.9,0.0,1.6,1.2,7.4,-2.1,2009-10
201805,Chris Hunter,GSW,60,13.0,1.8,3.6,0.502,0.0,0.1,0.0,0.9,1.2,0.754,0.9,1.9,2.8,0.6,0.2,0.6,0.5,2.2,4.5,0.0,2009-10
2549,Chris Kaman,LAC,76,34.3,7.8,15.8,0.49,0.0,0.1,0.0,3.0,4.0,0.749,2.4,6.8,9.3,1.6,0.5,1.2,2.9,2.8,18.5,-3.9,2009-10
101108,Chris Paul,NOH,45,38.1,7.0,14.2,0.493,1.2,2.8,0.409,3.6,4.2,0.847,0.4,3.8,4.2,10.7,2.1,0.2,2.5,2.6,18.7,0.2,2009-10
200809,Chris Quinn,NJN,25,8.9,0.8,2.2,0.357,0.4,1.3,0.313,0.2,0.2,1.0,0.0,0.6,0.6,1.2,0.4,0.0,0.4,0.6,2.2,-1.8,2009-10
201181,Chris Richard,CHI,18,12.4,0.8,1.6,0.517,0.0,0.0,0.0,0.4,0.6,0.636,1.1,2.2,3.3,0.4,0.4,0.2,0.8,2.8,2.1,-1.6,2009-10
2404,Chris Wilcox,DET,34,13.0,1.9,3.5,0.525,0.0,0.0,0.0,0.8,1.5,0.5,1.3,2.1,3.4,0.4,0.4,0.4,1.1,1.9,4.5,-4.3,2009-10
101236,Chuck Hayes,HOU,82,21.6,2.0,4.0,0.489,0.0,0.0,0.0,0.4,0.8,0.545,1.8,3.8,5.7,1.7,0.9,0.5,0.9,2.7,4.4,0.0,2009-10
1088,Chucky Atkins,DET,40,16.1,1.4,3.9,0.363,0.6,1.8,0.301,0.6,0.7,0.926,0.1,0.6,0.7,2.3,0.4,0.0,0.8,1.3,4.0,-1.4,2009-10
201207,Coby Karl,GSW,7,16.2,1.6,4.6,0.344,0.3,1.6,0.182,0.6,0.9,0.667,0.6,2.0,2.6,2.1,0.4,0.1,1.4,2.0,4.0,-4.1,2009-10
201147,Corey Brewer,MIN,82,30.3,5.0,11.6,0.431,1.0,2.9,0.346,2.0,3.1,0.648,0.9,2.5,3.4,2.4,1.4,0.4,2.0,2.7,13.0,-6.2,2009-10
1894,Corey Maggette,GSW,70,29.7,6.5,12.7,0.516,0.2,0.7,0.26,6.6,7.9,0.835,1.3,4.0,5.3,2.5,0.7,0.1,2.4,3.3,19.8,-4.1,2009-10
201584,Courtney Lee,NJN,71,33.5,4.8,10.9,0.436,1.1,3.2,0.338,1.9,2.2,0.869,0.8,2.7,3.5,1.7,1.3,0.3,1.1,1.8,12.5,-5.8,2009-10
200783,Craig Smith,LAC,75,16.4,3.0,5.3,0.569,0.0,0.1,0.2,1.8,2.8,0.635,1.3,2.5,3.8,1.1,0.4,0.3,1.2,2.6,7.8,-1.2,2009-10
201571,D.J. Augustin,CHA,80,18.4,2.1,5.4,0.386,0.9,2.2,0.393,1.3,1.6,0.779,0.1,1.1,1.2,2.4,0.6,0.1,0.9,1.6,6.4,0.2,2009-10
2788,DJ Mbenga,LAL,49,7.2,1.0,2.1,0.466,0.0,0.0,0.0,0.2,0.4,0.474,0.7,1.1,1.8,0.2,0.1,0.6,0.3,1.1,2.1,-0.7,2009-10
201591,DJ White,OKC,12,8.5,2.1,3.4,0.61,0.0,0.0,0.0,0.8,0.8,0.9,0.8,1.1,1.9,0.3,0.4,0.3,0.3,1.0,4.9,0.7,2009-10
201969,DaJuan Summers,DET,44,9.2,1.0,3.0,0.354,0.3,1.0,0.357,0.6,0.9,0.711,0.3,0.7,1.0,0.4,0.2,0.2,0.4,1.2,3.0,-2.4,2009-10
201161,Daequan Cook,MIA,45,15.4,1.8,5.6,0.32,0.9,2.8,0.317,0.5,0.6,0.84,0.2,1.6,1.8,1.0,0.3,0.2,0.5,1.1,5.0,-0.4,2009-10
2563,Dahntay Jones,IND,76,24.9,3.8,8.2,0.461,0.1,0.4,0.125,2.6,3.4,0.77,0.6,2.4,3.0,2.0,0.5,0.5,1.7,3.1,10.2,-3.0,2009-10
2863,Damien Wilkins,MIN,80,19.8,2.1,4.8,0.433,0.2,0.8,0.295,1.3,1.6,0.798,0.9,2.2,3.1,1.7,0.8,0.3,1.0,1.8,5.6,-3.5,2009-10
2429,Dan Gadzuric,MIL,32,9.8,1.2,2.8,0.438,0.0,0.0,0.0,0.3,0.8,0.4,1.2,1.7,2.9,0.4,0.3,0.4,0.5,2.0,2.8,1.1,2009-10
200789,Daniel Gibson,CLE,56,19.1,2.2,4.8,0.466,1.3,2.7,0.477,0.6,0.9,0.694,0.2,1.1,1.3,1.3,0.4,0.1,0.6,1.4,6.3,2.7,2009-10
201568,Danilo Gallinari,NYK,81,33.9,4.8,11.4,0.423,2.3,6.0,0.381,3.1,3.8,0.818,0.8,4.1,4.9,1.7,0.9,0.7,1.4,2.4,15.1,-1.6,2009-10
101122,Danny Granger,IND,62,36.7,7.9,18.4,0.428,2.5,7.1,0.361,5.9,6.9,0.848,1.1,4.4,5.5,2.8,1.5,0.8,2.5,3.0,24.1,-0.6,2009-10
201980,Danny Green,CLE,20,5.7,0.8,2.0,0.385,0.3,1.1,0.273,0.2,0.3,0.667,0.4,0.5,0.9,0.3,0.3,0.2,0.3,0.5,2.0,-1.1,2009-10
201967,Dante Cunningham,POR,63,11.2,1.7,3.4,0.495,0.0,0.0,0.0,0.5,0.8,0.646,0.9,1.7,2.5,0.2,0.4,0.3,0.2,1.5,3.9,0.7,2009-10
2443,Darius Songaila,NOH,75,18.8,3.2,6.5,0.494,0.0,0.1,0.167,0.8,1.0,0.811,0.8,2.3,3.1,0.9,0.8,0.2,1.1,2.7,7.2,-1.2,2009-10
2545,Darko Milicic,MIN,32,21.4,3.1,6.4,0.49,0.0,0.0,0.0,0.5,0.9,0.536,1.5,3.3,4.7,1.5,0.7,1.1,1.1,2.6,6.7,-3.3,2009-10
201616,Darnell Jackson,MIL,28,4.4,0.3,1.1,0.3,0.0,0.1,0.25,0.1,0.2,0.667,0.3,0.5,0.8,0.1,0.1,0.1,0.5,0.8,0.8,-1.6,2009-10
201589,Darrell Arthur,MEM,32,14.3,2.0,4.6,0.432,0.0,0.0,0.0,0.5,0.9,0.567,1.2,2.3,3.4,0.5,0.4,0.4,0.7,1.9,4.5,-3.4,2009-10
201954,Darren Collison,NOH,76,27.8,4.9,10.4,0.477,0.6,1.5,0.4,1.9,2.3,0.851,0.5,2.0,2.5,5.7,1.0,0.1,2.7,1.2,12.4,-2.3,2009-10
2431,David Andersen,HOU,63,14.1,2.3,5.4,0.432,0.4,1.2,0.346,0.7,1.1,0.687,0.9,2.4,3.3,0.7,0.2,0.2,0.6,1.9,5.8,0.5,2009-10
101135,David Lee,NYK,81,37.3,8.5,15.5,0.545,0.0,0.1,0.0,3.3,4.1,0.812,2.8,8.9,11.7,3.6,1.0,0.5,2.3,3.2,20.2,-3.2,2009-10
2561,David West,NOH,81,36.4,7.6,15.1,0.505,0.1,0.3,0.259,3.7,4.2,0.865,2.0,5.4,7.5,3.0,0.9,0.7,2.1,2.9,19.0,-2.2,2009-10
201599,DeAndre Jordan,LAC,70,16.2,2.1,3.4,0.605,0.0,0.0,0.0,0.7,1.8,0.375,1.7,3.3,5.0,0.3,0.2,0.9,1.1,2.2,4.8,-3.5,2009-10
201971,DeJuan Blair,SAS,82,18.2,3.4,6.0,0.556,0.0,0.0,0.0,1.1,2.0,0.547,2.4,4.0,6.4,0.8,0.6,0.5,1.4,2.7,7.8,1.2,2009-10
201942,DeMar DeRozan,TOR,77,21.6,3.3,6.6,0.498,0.1,0.2,0.25,1.9,2.5,0.763,0.9,2.0,2.9,0.7,0.6,0.2,0.8,2.3,8.6,-3.0,2009-10
201960,DeMarre Carroll,MEM,71,11.2,1.2,3.1,0.396,0.0,0.1,0.0,0.5,0.7,0.623,0.7,1.4,2.1,0.5,0.4,0.1,0.3,1.5,2.9,-0.7,2009-10
2205,DeSagana Diop,CHA,27,9.7,0.6,1.1,0.517,0.0,0.0,0.0,0.1,0.3,0.222,0.9,1.5,2.4,0.2,0.2,0.5,0.4,1.1,1.2,0.3,2009-10
2052,DeShawn Stevenson,DAL,64,13.8,0.7,2.5,0.282,0.3,1.4,0.218,0.4,0.5,0.714,0.2,1.3,1.4,0.9,0.3,0.1,0.5,1.2,2.1,-1.6,2009-10
2753,Delonte West,CLE,60,25.0,3.2,7.3,0.445,0.4,1.3,0.325,1.9,2.4,0.81,0.5,2.3,2.8,3.3,0.9,0.5,1.5,1.4,8.8,3.4,2009-10
965,Derek Fisher,LAL,82,27.2,2.6,6.8,0.38,1.0,2.7,0.348,1.4,1.6,0.856,0.3,1.8,2.1,2.5,1.1,0.1,1.0,2.5,7.5,4.3,2009-10
101114,Deron Williams,UTA,76,36.9,6.5,13.9,0.469,1.3,3.4,0.371,4.4,5.5,0.801,0.7,3.3,4.0,10.5,1.3,0.2,3.3,2.7,18.7,5.7,2009-10
201974,Derrick Brown,CHA,57,9.4,1.2,2.6,0.463,0.0,0.1,0.286,0.8,1.3,0.667,0.5,0.8,1.4,0.3,0.4,0.2,0.3,0.9,3.3,-0.2,2009-10
201565,Derrick Rose,CHI,78,36.8,8.6,17.6,0.489,0.2,0.8,0.267,3.3,4.3,0.766,0.8,2.9,3.8,6.0,0.7,0.3,2.8,1.2,20.8,-0.5,2009-10
2046,Desmond Mason,SAC,5,13.1,1.0,2.4,0.417,0.0,0.0,0.0,0.6,0.8,0.75,0.8,1.8,2.6,0.4,0.2,0.2,0.8,1.0,2.6,-8.0,2009-10
1904,Devean George,GSW,45,16.9,2.0,4.6,0.432,1.1,2.7,0.39,0.4,0.5,0.696,0.5,2.1,2.5,0.7,0.9,0.2,0.3,2.0,5.4,0.2,2009-10
2484,Devin Brown,CHI,50,21.2,2.7,7.2,0.377,1.2,3.3,0.354,1.4,1.7,0.802,0.6,1.9,2.5,1.3,0.7,0.1,1.2,1.4,8.0,-0.5,2009-10
2734,Devin Harris,NJN,64,34.7,5.6,13.8,0.403,0.9,3.4,0.276,4.8,6.0,0.798,0.4,2.8,3.2,6.6,1.2,0.3,2.8,2.8,16.9,-7.5,2009-10
1717,Dirk Nowitzki,DAL,81,37.5,8.9,18.5,0.481,0.6,1.5,0.421,6.6,7.2,0.915,1.0,6.7,7.7,2.7,0.9,1.0,1.8,2.6,25.0,4.2,2009-10
201187,Dominic McGuire,SAC,51,6.0,0.4,1.0,0.365,0.0,0.0,0.0,0.0,0.1,0.0,0.5,1.1,1.5,0.2,0.1,0.1,0.3,0.7,0.7,-2.6,2009-10
201590,Donte Greene,SAC,76,21.4,3.2,7.3,0.441,0.9,2.4,0.377,1.2,1.8,0.643,0.7,2.4,3.1,0.9,0.5,0.7,1.2,2.0,8.5,-2.1,2009-10
2748,Dorell Wright,MIA,72,20.8,2.7,5.8,0.463,0.8,2.2,0.389,0.8,1.0,0.884,0.7,2.6,3.3,1.3,0.7,0.4,0.7,1.3,7.1,0.4,2009-10
2400,Drew Gooden,LAC,70,25.1,4.1,8.6,0.478,0.0,0.1,0.125,2.7,3.1,0.861,3.0,4.8,7.7,0.7,0.6,0.8,1.5,2.8,10.9,-4.0,2009-10
101204,Dwayne Jones,PHX,2,3.5,0.0,0.0,0.0,0.0,0.0,0.0,0.0,0.0,0.0,0.0,1.0,1.0,0.0,0.0,0.0,0.0,0.5,0.0,-1.5,2009-10
2730,Dwight Howard,ORL,82,34.7,6.2,10.2,0.612,0.0,0.1,0.0,5.9,10.0,0.592,3.5,9.7,13.2,1.8,0.9,2.8,3.3,3.5,18.3,7.6,2009-10
2548,Dwyane Wade,MIA,77,36.3,9.3,19.6,0.476,0.9,3.2,0.3,6.9,9.1,0.761,1.4,3.5,4.8,6.5,1.8,1.1,3.3,2.4,26.6,4.6,2009-10
2853,Earl Barron,NYK,7,33.1,4.3,9.7,0.441,0.0,0.0,0.0,3.1,4.1,0.759,4.4,6.6,11.0,1.1,0.6,0.6,1.6,3.4,11.7,0.7,2009-10
1863,Earl Boykins,WAS,67,16.7,2.6,6.0,0.427,0.3,0.9,0.317,1.1,1.3,0.865,0.3,0.9,1.1,2.6,0.4,0.0,1.0,0.7,6.6,-3.5,2009-10
201947,Earl Clark,PHX,51,7.5,1.1,3.0,0.371,0.0,0.1,0.4,0.5,0.7,0.722,0.4,0.9,1.2,0.4,0.1,0.3,0.5,0.5,2.7,-0.7,2009-10
2248,Earl Watson,IND,79,29.4,2.8,6.6,0.426,0.7,2.3,0.288,1.5,2.1,0.71,0.7,2.4,3.0,5.1,1.3,0.2,2.2,2.3,7.8,-1.4,2009-10
2067,Eddie House,NYK,68,17.9,2.5,6.7,0.38,1.2,3.3,0.348,0.7,0.8,0.923,0.2,1.4,1.6,1.3,0.6,0.1,0.7,1.2,7.0,0.5,2009-10
2201,Eddy Curry,NYK,7,8.9,1.1,3.0,0.381,0.0,0.0,0.0,1.4,2.4,0.588,0.6,1.3,1.9,0.0,0.0,0.1,1.9,1.9,3.7,-3.0,2009-10
2059,Eduardo Najera,DAL,46,14.9,1.3,3.2,0.425,0.4,1.4,0.297,0.3,0.5,0.583,0.7,1.8,2.5,0.6,0.6,0.3,0.5,2.0,3.4,-0.7,2009-10
1882,Elton Brand,PHI,76,30.2,5.4,11.3,0.48,0.0,0.0,0.0,2.3,3.1,0.738,2.4,3.7,6.1,1.4,1.1,1.1,1.7,3.1,13.1,-0.9,2009-10
2731,Emeka Okafor,NOH,82,28.9,4.2,8.0,0.53,0.0,0.0,0.0,1.9,3.3,0.562,3.1,6.0,9.0,0.7,0.7,1.5,1.4,2.7,10.4,-1.6,2009-10
201569,Eric Gordon,LAC,62,36.0,5.7,12.6,0.449,1.9,5.2,0.371,3.6,4.8,0.742,0.4,2.2,2.6,3.0,1.1,0.2,2.3,1.5,16.9,-3.7,2009-10
201953,Eric Maynor,OKC,81,15.7,1.9,4.5,0.418,0.3,0.9,0.31,0.6,0.9,0.722,0.3,1.3,1.6,3.3,0.5,0.1,1.0,1.4,4.7,0.5,2009-10
956,Erick Dampier,DAL,55,23.3,2.4,3.9,0.624,0.0,0.1,0.333,1.1,1.8,0.604,2.3,4.9,7.3,0.6,0.3,1.4,1.1,2.8,6.0,2.9,2009-10
101141,Ersan Ilyasova,MIL,81,23.4,4.0,9.0,0.443,1.0,3.0,0.336,1.4,2.0,0.715,1.9,4.4,6.4,1.0,0.7,0.3,0.9,3.1,10.4,2.0,2009-10
2041,Etan Thomas,OKC,23,13.9,1.3,3.0,0.456,0.0,0.0,0.0,0.6,1.0,0.591,0.8,2.0,2.8,0.0,0.2,0.7,0.8,1.7,3.3,-1.2,2009-10
101177,Fabricio Oberto,WAS,57,11.4,0.6,1.0,0.625,0.0,0.0,0.0,0.2,0.3,0.765,0.6,1.2,1.8,0.9,0.2,0.2,0.6,2.1,1.5,-0.8,2009-10
2436,Flip Murray,CHI,75,22.3,3.6,9.1,0.392,0.9,2.9,0.312,1.9,2.6,0.727,0.4,2.1,2.4,1.8,0.6,0.2,1.2,1.7,9.9,0.1,2009-10
1922,Francisco Elson,PHI,12,5.5,0.4,1.3,0.333,0.0,0.0,0.0,0.2,0.4,0.4,0.5,0.7,1.2,0.2,0.1,0.0,0.1,0.6,1.0,-0.1,2009-10
101128,Francisco Garcia,SAC,25,23.0,3.3,7.0,0.466,0.9,2.4,0.39,0.6,0.7,0.882,0.4,2.2,2.6,1.8,0.4,0.8,0.8,2.0,8.1,-0.6,2009-10
202066,Garrett Temple,SAS,27,12.4,1.6,3.7,0.436,0.5,1.4,0.351,1.3,1.9,0.7,0.2,0.9,1.1,0.8,0.5,0.2,1.0,1.6,5.0,-0.1,2009-10
201588,George Hill,SAS,78,29.2,4.5,9.5,0.478,1.0,2.4,0.399,2.3,3.0,0.772,0.5,2.1,2.6,2.9,0.9,0.3,1.3,2.8,12.4,2.6,2009-10
201945,Gerald Henderson,CHA,43,8.3,0.9,2.4,0.356,0.1,0.4,0.211,0.8,1.1,0.745,0.3,0.9,1.3,0.3,0.2,0.2,0.3,0.6,2.6,-0.4,2009-10
2222,Gerald Wallace,CHA,76,41.0,6.0,12.4,0.484,0.7,1.8,0.371,5.6,7.2,0.776,2.0,8.1,10.0,2.1,1.5,1.1,2.3,2.6,18.2,1.8,2009-10
2240,Gilbert Arenas,WAS,32,36.5,7.9,19.3,0.411,2.0,5.7,0.348,4.8,6.5,0.739,0.5,3.6,4.2,7.2,1.3,0.3,3.7,3.0,22.6,-2.6,2009-10
201175,Glen Davis,BOS,54,17.3,2.3,5.2,0.437,0.0,0.1,0.0,1.8,2.6,0.696,1.9,1.9,3.8,0.6,0.4,0.3,1.0,2.4,6.3,-1.6,2009-10
201609,Goran Dragic,PHX,80,18.0,2.8,6.1,0.452,0.9,2.4,0.394,1.5,2.0,0.736,0.5,1.7,2.1,3.0,0.6,0.1,1.6,1.6,7.9,0.9,2009-10
255,Grant Hill,PHX,81,30.0,4.1,8.7,0.478,0.4,1.0,0.438,2.5,3.1,0.817,0.9,4.6,5.5,2.4,0.7,0.4,1.3,2.0,11.3,2.1,2009-10
201141,Greg Oden,POR,21,23.9,4.4,7.2,0.605,0.0,0.0,0.0,2.3,3.0,0.766,3.0,5.4,8.5,0.9,0.4,2.3,1.9,4.0,11.1,3.7,2009-10
101124,Hakim Warrick,CHI,76,20.5,3.5,7.2,0.482,0.0,0.1,0.143,2.7,3.6,0.737,1.7,2.5,4.1,0.7,0.3,0.2,1.1,1.7,9.6,-2.0,2009-10
201632,Hamed Haddadi,MEM,36,6.7,0.7,1.7,0.387,0.0,0.1,0.0,0.4,0.5,0.737,0.7,1.4,2.1,0.3,0.0,0.4,0.6,1.6,1.7,-1.7,2009-10
201934,Hasheem Thabeet,MEM,68,13.0,1.1,1.9,0.588,0.0,0.0,0.0,0.8,1.4,0.581,1.3,2.3,3.6,0.2,0.2,1.3,0.6,2.4,3.1,-1.1,2009-10
2045,Hedo Turkoglu,TOR,74,30.7,3.7,9.1,0.409,1.5,3.9,0.374,2.4,3.1,0.774,0.6,4.1,4.6,4.1,0.7,0.4,1.7,3.0,11.3,-1.7,2009-10
201611,Henry Walker,NYK,35,22.0,3.4,6.6,0.517,1.4,3.3,0.431,1.1,1.4,0.796,0.4,2.1,2.5,1.1,0.7,0.1,0.8,2.4,9.4,-0.4,2009-10
200756,Hilton Armstrong,HOU,33,10.2,0.8,2.4,0.354,0.0,0.0,0.0,0.5,1.0,0.469,0.8,1.6,2.5,0.6,0.5,0.4,0.7,1.8,2.2,-1.0,2009-10
101133,Ian Mahinmi,SAS,26,6.3,1.3,2.1,0.636,0.0,0.0,0.0,1.2,1.8,0.66,0.5,1.5,2.0,0.1,0.1,0.3,0.6,1.2,3.9,-0.7,2009-10
2137,Ime Udoka,SAC,69,13.7,1.3,3.5,0.378,0.4,1.3,0.286,0.6,0.8,0.737,0.7,2.0,2.8,0.8,0.5,0.1,0.6,1.2,3.6,-1.0,2009-10
200826,J.J. Barea,DAL,78,19.8,3.0,6.8,0.44,0.7,2.0,0.357,1.0,1.2,0.844,0.2,1.7,1.9,3.3,0.4,0.1,1.3,1.5,7.6,-0.6,2009-10
201592,J.R. Giddens,NYK,32,7.5,0.9,1.9,0.467,0.0,0.3,0.0,0.4,0.7,0.565,0.5,1.1,1.6,0.4,0.3,0.1,0.5,0.9,2.2,-2.2,2009-10
201581,JJ Hickson,CLE,81,20.9,3.6,6.4,0.554,0.0,0.0,0.0,1.4,2.0,0.681,1.4,3.6,4.9,0.5,0.4,0.5,1.1,1.6,8.5,0.7,2009-10
200755,JJ Redick,ORL,82,22.1,3.0,6.7,0.439,1.4,3.3,0.405,2.3,2.7,0.86,0.2,1.7,1.9,1.9,0.3,0.0,0.8,1.4,9.6,2.2,2009-10
2747,JR Smith,DEN,75,27.8,5.7,13.8,0.414,2.1,6.2,0.338,1.9,2.7,0.706,0.4,2.7,3.1,2.4,1.3,0.3,1.9,2.3,15.4,3.4,2009-10
201580,JaVale McGee,WAS,60,16.1,2.6,5.1,0.508,0.0,0.0,0.0,1.2,1.9,0.638,1.5,2.6,4.1,0.2,0.3,1.7,0.9,2.0,6.4,-2.9,2009-10
2048,Jamaal Magloire,MIA,36,10.0,0.8,1.6,0.5,0.0,0.0,0.0,0.6,1.6,0.356,1.1,2.2,3.4,0.0,0.3,0.3,0.5,1.6,2.1,-0.3,2009-10
2224,Jamaal Tinsley,MEM,38,15.5,1.4,3.7,0.371,0.2,1.0,0.179,0.6,0.7,0.815,0.3,1.4,1.7,2.8,0.9,0.1,1.7,1.8,3.5,-0.1,2009-10
2037,Jamal Crawford,ATL,79,31.1,6.3,14.0,0.449,2.1,5.4,0.382,3.4,4.0,0.857,0.4,2.1,2.5,3.0,0.8,0.2,1.7,1.7,18.0,3.2,2009-10
200081,Jamario Moon,CLE,61,17.2,1.9,4.0,0.462,0.5,1.6,0.32,0.6,0.7,0.8,0.4,2.7,3.1,0.8,0.6,0.5,0.4,1.1,4.9,1.2,2009-10
2749,Jameer Nelson,ORL,65,28.6,4.9,10.9,0.449,1.3,3.5,0.381,1.5,1.8,0.845,0.4,2.6,3.0,5.4,0.7,0.0,2.1,2.3,12.6,4.9,2009-10
201935,James Harden,OKC,76,22.9,3.1,7.6,0.403,1.2,3.3,0.375,2.6,3.2,0.808,0.6,2.6,3.2,1.8,1.1,0.3,1.4,2.6,9.9,2.4,2009-10
201949,James Johnson,CHI,65,11.6,1.5,3.2,0.452,0.2,0.7,0.326,0.8,1.1,0.729,0.5,1.4,2.0,0.7,0.3,0.7,1.0,1.9,3.9,-2.1,2009-10
2592,James Jones,MIA,36,14.0,1.2,3.3,0.361,1.0,2.5,0.411,0.6,0.8,0.821,0.1,1.1,1.3,0.5,0.3,0.1,0.3,1.3,4.1,-0.4,2009-10
1899,James Posey,NOH,77,22.5,1.6,4.5,0.365,1.1,3.1,0.335,0.9,1.0,0.825,0.4,3.9,4.3,1.5,0.5,0.2,0.7,2.6,5.2,-1.0,2009-10
101189,James Singleton,WAS,57,17.2,1.7,4.5,0.382,0.1,0.6,0.189,0.9,1.1,0.855,1.9,2.9,4.8,0.5,0.5,0.8,0.9,2.0,4.5,-2.6,2009-10
201191,JamesOn Curry,LAC,1,0.1,0.0,0.0,0.0,0.0,0.0,0.0,0.0,0.0,0.0,0.0,0.0,0.0,0.0,0.0,0.0,0.0,0.0,0.0,0.0,2009-10
2457,Jannero Pargo,CHI,63,13.2,2.1,6.0,0.346,0.6,2.2,0.275,0.7,0.7,0.933,0.1,1.1,1.2,1.4,0.5,0.0,0.8,1.1,5.5,-1.0,2009-10
201162,Jared Dudley,PHX,82,24.3,2.7,6.0,0.459,1.5,3.2,0.458,1.3,1.7,0.754,1.2,2.2,3.4,1.4,1.0,0.2,0.8,2.0,8.2,2.6,2009-10
2407,Jared Jeffries,HOU,70,25.6,2.0,4.5,0.439,0.3,1.0,0.296,1.1,1.7,0.625,1.9,2.3,4.1,1.4,0.9,1.0,1.1,2.9,5.3,-0.7,2009-10
101127,Jarrett Jack,TOR,82,27.4,3.9,8.2,0.481,1.0,2.4,0.412,2.5,2.9,0.842,0.4,2.3,2.7,5.0,0.7,0.1,2.0,1.8,11.4,-1.2,2009-10
2260,Jarron Collins,PHX,34,7.7,0.4,0.9,0.387,0.0,0.0,0.0,0.3,0.7,0.4,0.6,1.2,1.8,0.2,0.1,0.1,0.3,1.2,1.0,-0.3,2009-10
2553,Jarvis Hayes,NJN,45,22.9,3.1,7.3,0.421,1.3,4.0,0.335,0.3,0.4,0.778,0.2,2.2,2.4,0.9,0.6,0.2,0.6,2.0,7.8,-3.4,2009-10
2215,Jason Collins,ATL,24,4.8,0.3,1.0,0.348,0.0,0.0,0.0,0.0,0.1,0.0,0.2,0.4,0.6,0.2,0.1,0.1,0.2,0.9,0.7,-0.4,2009-10
2078,Jason Hart,NOH,5,4.4,0.2,0.4,0.5,0.0,0.0,0.0,0.0,0.0,0.0,0.0,0.4,0.4,1.2,0.4,0.2,0.6,0.8,0.4,1.0,2009-10
2574,Jason Kapono,PHI,57,17.1,2.2,5.3,0.419,1.1,3.0,0.368,0.2,0.3,0.6,0.2,0.9,1.2,0.7,0.4,0.1,0.6,1.4,5.7,-1.9,2009-10
467,Jason Kidd,DAL,80,36.0,3.6,8.4,0.423,2.2,5.2,0.425,1.0,1.2,0.808,0.6,5.0,5.6,9.1,1.8,0.4,2.4,1.8,10.3,3.4,2009-10
101131,Jason Maxiell,DET,76,20.4,2.8,5.5,0.511,0.0,0.0,0.0,1.2,2.0,0.574,2.1,3.2,5.3,0.5,0.5,0.5,0.9,2.3,6.8,-2.6,2009-10
2202,Jason Richardson,PHX,79,31.5,6.0,12.6,0.474,2.0,5.1,0.393,1.7,2.3,0.739,1.0,4.1,5.1,1.8,0.8,0.4,1.2,2.1,15.7,3.8,2009-10
201160,Jason Smith,PHI,56,11.8,1.3,3.1,0.431,0.2,0.5,0.345,0.5,0.8,0.69,1.0,1.4,2.4,0.6,0.4,0.5,0.6,2.0,3.4,-0.9,2009-10
1891,Jason Terry,DAL,77,33.0,5.9,13.5,0.438,1.8,4.8,0.365,3.0,3.5,0.866,0.2,1.6,1.8,3.8,1.2,0.2,1.4,1.8,16.6,2.3,2009-10
201574,Jason Thompson,SAC,75,31.4,4.9,10.5,0.472,0.0,0.1,0.1,2.6,3.7,0.715,3.0,5.5,8.5,1.7,0.5,1.0,1.9,3.7,12.5,-3.0,2009-10
1715,Jason Williams,ORL,82,20.8,2.3,5.2,0.444,1.0,2.7,0.38,0.4,0.5,0.756,0.1,1.5,1.5,3.6,0.6,0.0,1.1,0.8,6.0,3.2,2009-10
101214,Jawad Williams,CLE,54,13.7,1.5,3.8,0.393,0.6,1.7,0.323,0.6,0.8,0.711,0.3,1.2,1.5,0.6,0.2,0.1,0.3,1.4,4.1,-0.6,2009-10
201965,Jeff Ayres,POR,39,10.4,1.1,1.7,0.662,0.0,0.0,0.0,0.5,0.5,0.9,0.6,1.9,2.5,0.0,0.2,0.4,0.3,1.9,2.7,-1.5,2009-10
1902,Jeff Foster,IND,16,15.9,1.4,2.9,0.478,0.0,0.1,0.0,0.3,0.6,0.556,2.1,2.9,5.1,1.3,0.2,0.3,0.9,2.8,3.1,-0.5,2009-10
201145,Jeff Green,OKC,82,37.1,5.9,13.0,0.453,1.3,3.8,0.333,2.0,2.7,0.74,1.4,4.6,6.0,1.6,1.3,0.9,1.6,2.7,15.1,1.5,2009-10
201952,Jeff Teague,ATL,71,10.1,1.3,3.2,0.396,0.1,0.5,0.219,0.6,0.7,0.837,0.1,0.9,0.9,1.7,0.5,0.2,0.7,1.2,3.2,-0.6,2009-10
979,Jermaine O'Neal,MIA,70,28.4,5.6,10.6,0.529,0.0,0.0,0.0,2.3,3.2,0.72,1.8,5.2,6.9,1.3,0.4,1.4,1.8,3.0,13.6,2.7,2009-10
201966,Jermaine Taylor,HOU,31,9.8,1.5,3.8,0.378,0.2,0.7,0.227,1.1,1.5,0.717,0.7,0.8,1.5,0.5,0.3,0.1,0.6,0.5,4.1,-3.8,2009-10
711,Jerry Stackhouse,MIL,42,20.4,3.1,7.5,0.408,1.1,3.1,0.346,1.3,1.6,0.797,0.5,1.9,2.4,1.7,0.5,0.2,1.6,1.3,8.5,1.2,2009-10
201573,Jerryd Bayless,POR,74,17.6,2.7,6.5,0.414,0.4,1.2,0.315,2.7,3.3,0.831,0.2,1.4,1.6,2.3,0.4,0.1,1.3,2.1,8.5,-0.1,2009-10
201149,Joakim Noah,CHI,64,30.1,4.1,8.1,0.504,0.0,0.0,0.0,2.5,3.4,0.744,3.4,7.6,11.0,2.1,0.5,1.6,1.8,3.1,10.7,-1.5,2009-10
201975,Jodie Meeks,PHI,60,12.0,1.7,4.5,0.388,0.7,2.2,0.318,0.5,0.7,0.795,0.2,1.5,1.7,0.7,0.3,0.1,0.4,0.9,4.7,-0.3,2009-10
201570,Joe Alexander,CHI,8,3.6,0.1,0.8,0.167,0.0,0.1,0.0,0.3,0.4,0.667,0.3,0.4,0.6,0.3,0.1,0.1,0.0,1.1,0.5,-1.3,2009-10
2207,Joe Johnson,ATL,76,38.0,8.4,18.2,0.458,1.7,4.6,0.369,2.9,3.5,0.818,1.0,3.7,4.6,4.9,1.1,0.1,1.9,1.9,21.3,4.6,2009-10
693,Joe Smith,ATL,64,9.2,1.2,3.0,0.399,0.0,0.1,0.143,0.6,0.8,0.813,1.0,1.4,2.5,0.3,0.1,0.3,0.3,1.5,3.0,-0.3,2009-10
201202,Joel Anthony,MIA,80,16.5,1.0,2.0,0.478,0.0,0.0,0.0,0.8,1.2,0.717,1.5,1.6,3.1,0.2,0.3,1.4,0.6,2.0,2.7,-0.1,2009-10
2038,Joel Przybilla,POR,30,22.7,1.5,2.9,0.523,0.0,0.0,0.0,1.1,1.7,0.647,2.4,5.5,7.9,0.3,0.3,1.4,1.3,3.2,4.1,1.4,2009-10
201595,Joey Dorsey,SAC,15,7.1,0.6,1.3,0.45,0.0,0.0,0.0,0.3,0.8,0.417,1.1,1.8,2.9,0.1,0.2,0.1,0.4,1.4,1.5,1.5,2009-10
101121,Joey Graham,DEN,63,12.0,1.7,3.2,0.52,0.0,0.2,0.154,0.9,1.2,0.74,0.6,1.3,2.0,0.3,0.4,0.1,0.7,1.7,4.2,-0.6,2009-10
101130,Johan Petro,DEN,36,12.1,1.5,2.8,0.535,0.0,0.0,0.0,0.4,0.6,0.667,0.9,2.7,3.6,0.4,0.3,0.4,0.6,2.2,3.4,0.3,2009-10
2422,John Salmons,MIL,81,34.9,5.4,12.2,0.441,1.5,3.8,0.382,3.1,3.8,0.83,0.4,2.9,3.3,2.8,1.2,0.3,1.5,2.0,15.4,1.7,2009-10
201972,Jon Brockman,SAC,52,12.6,1.1,2.0,0.534,0.0,0.0,0.0,0.7,1.2,0.597,2.0,2.1,4.1,0.4,0.3,0.1,0.4,2.2,2.8,-0.6,2009-10
201973,Jonas Jerebko,DET,80,27.9,3.6,7.5,0.481,0.5,1.4,0.313,1.6,2.2,0.71,2.4,3.6,6.0,0.7,1.0,0.4,1.0,2.9,9.3,-2.0,2009-10
1886,Jonathan Bender,NYK,25,11.7,1.6,4.0,0.4,0.6,1.6,0.359,1.0,1.0,0.923,0.6,1.5,2.1,0.6,0.1,0.7,1.1,1.3,4.7,-2.2,2009-10
201938,Jonny Flynn,MIN,81,28.9,4.9,11.8,0.417,1.0,2.7,0.358,2.8,3.3,0.826,0.3,2.1,2.4,4.4,1.0,0.0,2.9,1.2,13.5,-7.7,2009-10
200770,Jordan Farmar,LAL,82,18.0,2.7,6.3,0.435,1.0,2.8,0.376,0.7,1.0,0.671,0.2,1.4,1.6,1.5,0.6,0.1,0.9,1.3,7.2,0.7,2009-10
201941,Jordan Hill,HOU,47,13.3,2.1,4.3,0.493,0.0,0.0,0.0,1.0,1.4,0.676,1.6,2.1,3.7,0.4,0.3,0.4,0.6,2.0,5.2,-0.4,2009-10
101181,Jose Calderon,TOR,68,26.7,4.0,8.4,0.482,1.0,2.5,0.398,1.2,1.5,0.798,0.3,1.8,2.1,5.9,0.7,0.1,1.5,2.0,10.3,-0.4,2009-10
200767,Josh Boone,NJN,63,16.6,1.9,3.5,0.525,0.0,0.0,0.0,0.3,0.9,0.328,2.0,3.0,5.0,0.5,0.5,0.8,0.6,1.8,4.0,-3.8,2009-10
2572,Josh Howard,WAS,35,26.2,4.5,11.1,0.405,0.7,2.5,0.267,3.1,4.0,0.784,0.9,2.7,3.6,1.4,0.7,0.3,1.3,2.6,12.7,0.0,2009-10
201177,Josh McRoberts,IND,42,12.5,1.8,3.5,0.521,0.2,0.5,0.348,0.5,0.9,0.5,1.0,2.1,3.0,1.0,0.4,0.4,0.5,1.8,4.3,-0.5,2009-10
2694,Josh Powell,LAL,63,9.2,1.1,3.1,0.366,0.1,0.3,0.438,0.3,0.5,0.645,0.7,1.1,1.8,0.6,0.1,0.1,0.5,1.1,2.7,-1.3,2009-10
2746,Josh Smith,ATL,81,35.4,6.2,12.3,0.505,0.0,0.1,0.0,3.2,5.2,0.618,2.8,6.0,8.7,4.2,1.6,2.1,2.4,3.0,15.7,4.9,2009-10
201950,Jrue Holiday,PHI,73,24.2,3.2,7.1,0.442,0.8,2.2,0.39,0.9,1.2,0.756,0.8,1.8,2.6,3.8,1.1,0.2,2.1,2.1,8.0,-2.2,2009-10
201153,Julian Wright,NOH,68,12.8,1.7,3.4,0.5,0.0,0.1,0.333,0.4,0.6,0.61,0.9,1.3,2.1,0.6,0.4,0.3,0.6,0.7,3.8,-0.3,2009-10
436,Juwan Howard,POR,73,22.3,2.6,5.1,0.509,0.0,0.0,0.0,0.8,1.0,0.786,1.5,3.1,4.6,0.8,0.4,0.1,1.0,2.6,6.0,-1.0,2009-10
2416,Kareem Rush,LAC,7,8.3,0.6,1.6,0.364,0.1,0.4,0.333,0.0,0.0,0.0,0.1,0.7,0.9,0.6,0.3,0.4,0.4,1.1,1.3,-1.6,2009-10
2586,Keith Bogans,SAS,79,19.7,1.5,3.8,0.403,0.9,2.5,0.357,0.5,0.6,0.74,0.3,1.9,2.2,1.2,0.6,0.2,0.7,2.0,4.4,0.4,2009-10
101235,Kelenna Azubuike,GSW,9,25.7,5.3,9.8,0.545,1.1,3.0,0.37,2.1,3.1,0.679,1.3,3.2,4.6,1.1,0.6,1.0,0.8,1.8,13.9,-4.6,2009-10
2570,Kendrick Perkins,BOS,78,27.6,4.0,6.7,0.602,0.0,0.0,0.0,2.1,3.6,0.582,2.0,5.6,7.6,1.0,0.3,1.7,2.1,2.8,10.1,3.6,2009-10
1903,Kenny Thomas,SAC,26,12.0,0.7,1.3,0.486,0.0,0.0,0.0,0.3,0.5,0.583,1.3,2.0,3.3,0.6,0.4,0.4,0.7,1.6,1.6,-0.2,2009-10
2030,Kenyon Martin,DEN,58,34.2,4.9,10.7,0.456,0.1,0.5,0.276,1.6,2.9,0.557,2.4,7.0,9.4,1.9,1.2,1.1,1.6,3.2,11.5,2.3,2009-10
201142,Kevin Durant,OKC,82,39.5,9.7,20.3,0.476,1.6,4.3,0.365,9.2,10.2,0.9,1.3,6.3,7.6,2.8,1.4,1.0,3.3,2.1,30.1,5.3,2009-10
708,Kevin Garnett,BOS,69,29.9,5.8,11.2,0.521,0.0,0.1,0.2,2.7,3.2,0.837,1.1,6.2,7.3,2.7,1.0,0.8,1.5,2.5,14.3,4.5,2009-10
201567,Kevin Love,MIN,60,28.6,4.9,10.8,0.45,0.6,1.8,0.33,3.8,4.6,0.815,3.8,7.2,11.0,2.3,0.7,0.4,2.0,2.3,14.0,-3.8,2009-10
2755,Kevin Martin,HOU,46,35.5,6.3,15.1,0.417,1.5,4.6,0.333,6.5,7.4,0.876,0.6,2.9,3.6,2.4,1.0,0.1,2.0,2.1,20.6,-3.2,2009-10
1563,Kevin Ollie,OKC,25,10.5,0.7,1.8,0.4,0.0,0.0,0.0,0.3,0.3,1.0,0.1,0.9,1.0,0.8,0.4,0.0,0.2,0.6,1.8,-0.9,2009-10
2039,Keyon Dooling,NJN,53,18.3,2.4,6.1,0.398,1.1,3.0,0.376,0.9,1.2,0.77,0.2,0.9,1.0,2.5,0.6,0.0,1.1,1.5,6.9,-1.5,2009-10
2550,Kirk Hinrich,CHI,74,33.5,4.2,10.2,0.409,1.4,3.8,0.371,1.1,1.5,0.752,0.3,3.2,3.5,4.5,1.1,0.3,1.5,2.8,10.9,-1.4,2009-10
977,Kobe Bryant,LAL,73,38.8,9.8,21.5,0.456,1.4,4.1,0.329,6.0,7.4,0.811,1.1,4.3,5.4,5.0,1.5,0.3,3.2,2.6,27.0,6.4,2009-10
201585,Kosta Koufos,UTA,36,4.8,0.6,1.3,0.468,0.0,0.0,0.0,0.3,0.4,0.6,0.4,0.8,1.3,0.2,0.1,0.1,0.4,0.7,1.5,-1.7,2009-10
2743,Kris Humphries,NJN,69,17.7,2.6,5.9,0.441,0.0,0.0,0.0,1.8,2.8,0.668,1.7,3.7,5.5,0.5,0.5,0.7,1.0,2.1,7.1,-2.8,2009-10
703,Kurt Thomas,MIL,70,15.0,1.4,3.0,0.476,0.0,0.0,0.0,0.2,0.2,0.8,1.2,3.0,4.2,0.7,0.4,0.7,0.7,2.3,3.0,-1.1,2009-10
2198,Kwame Brown,DET,48,13.7,1.3,2.6,0.5,0.0,0.0,0.0,0.7,2.0,0.337,1.1,2.6,3.7,0.5,0.3,0.3,0.9,1.9,3.3,-2.2,2009-10
2594,Kyle Korver,UTA,52,18.3,2.7,5.4,0.493,1.1,2.1,0.536,0.8,0.9,0.796,0.2,1.9,2.1,1.7,0.5,0.2,0.8,1.5,7.2,3.8,2009-10
200768,Kyle Lowry,HOU,68,24.3,2.7,6.8,0.397,0.5,2.0,0.272,3.2,3.8,0.827,1.3,2.3,3.6,4.5,0.9,0.1,1.7,2.5,9.1,1.5,2009-10
201602,Kyle Weaver,OKC,12,12.0,1.0,2.8,0.364,0.6,1.6,0.368,0.4,0.5,0.833,0.1,1.4,1.5,0.9,0.5,0.5,0.3,1.1,3.0,-0.7,2009-10
201178,Kyrylo Fesenko,UTA,49,8.3,1.1,1.9,0.547,0.0,0.0,0.0,0.5,1.2,0.421,0.7,1.2,1.8,0.3,0.1,0.4,0.5,1.6,2.6,2.0,2009-10
200746,LaMarcus Aldridge,POR,78,37.5,7.4,15.0,0.495,0.1,0.2,0.313,2.9,3.9,0.757,2.5,5.6,8.0,2.1,0.9,0.6,1.3,3.0,17.9,3.2,2009-10
1885,Lamar Odom,LAL,82,31.5,4.2,9.0,0.463,0.7,2.2,0.319,1.7,2.5,0.693,2.2,7.5,9.8,3.3,0.9,0.7,1.8,2.8,10.8,3.7,2009-10
1716,Larry Hughes,CHA,45,24.8,3.0,8.6,0.355,1.0,3.1,0.309,2.1,2.5,0.832,0.5,2.6,3.2,3.0,1.2,0.3,1.7,1.6,9.1,-1.6,2009-10
2544,LeBron James,CLE,76,39.0,10.1,20.1,0.503,1.7,5.1,0.333,7.8,10.2,0.767,0.9,6.4,7.3,8.6,1.6,1.0,3.4,1.6,29.7,8.6,2009-10
2571,Leandro Barbosa,PHX,44,17.9,3.5,8.3,0.425,1.0,3.1,0.324,1.5,1.7,0.877,0.3,1.3,1.6,1.5,0.5,0.3,1.0,1.6,9.5,2.1,2009-10
200796,Leon Powe,CLE,20,11.8,1.1,2.5,0.429,0.0,0.0,0.0,1.9,3.2,0.587,1.0,2.1,3.1,0.0,0.3,0.1,0.6,1.8,4.0,-0.8,2009-10
201991,Lester Hudson,MEM,25,5.3,0.8,2.1,0.396,0.2,0.6,0.313,0.4,0.5,0.846,0.3,0.4,0.7,0.5,0.3,0.1,0.6,0.5,2.3,0.6,2009-10
283,Lindsey Hunter,CHI,13,9.4,0.4,2.3,0.167,0.1,1.0,0.077,0.2,0.2,1.0,0.1,1.0,1.1,0.7,0.1,0.0,0.3,0.9,1.0,-0.9,2009-10
200811,Lou Amundson,PHX,79,14.8,1.9,3.5,0.551,0.0,0.0,0.0,0.8,1.6,0.545,1.6,2.8,4.4,0.4,0.3,0.9,0.7,2.1,4.7,0.8,2009-10
101150,Lou Williams,PHI,64,29.9,5.0,10.6,0.47,1.1,3.2,0.34,3.0,3.6,0.824,0.4,2.5,2.9,4.2,1.3,0.2,1.7,1.7,14.0,-1.6,2009-10
201601,Luc Mbah a Moute,MIL,73,25.6,2.4,5.1,0.48,0.1,0.2,0.353,1.3,1.8,0.699,2.3,3.1,5.5,1.1,0.8,0.5,1.0,2.5,6.2,0.3,2009-10
2449,Luis Scola,HOU,82,32.6,6.8,13.3,0.514,0.0,0.1,0.2,2.5,3.3,0.779,2.1,6.5,8.6,2.1,0.8,0.3,2.0,3.0,16.2,-0.7,2009-10
2557,Luke Ridnour,MIL,82,21.4,4.0,8.4,0.478,0.8,2.2,0.381,1.5,1.7,0.907,0.3,1.5,1.7,4.0,0.7,0.1,1.3,2.2,10.4,0.0,2009-10
2575,Luke Walton,LAL,29,9.4,1.0,2.9,0.357,0.2,0.6,0.412,0.1,0.1,0.5,0.4,0.9,1.3,1.4,0.3,0.0,0.4,0.7,2.4,-1.7,2009-10
2736,Luol Deng,CHI,70,37.9,6.8,14.5,0.466,0.5,1.2,0.386,3.6,4.7,0.764,1.9,5.4,7.3,2.0,0.9,0.9,1.9,1.8,17.6,0.8,2009-10
101129,Luther Head,IND,47,17.3,2.9,6.6,0.437,0.8,2.2,0.352,1.0,1.2,0.828,0.1,1.6,1.7,1.5,0.4,0.2,1.1,1.1,7.6,0.2,2009-10
2124,Malik Allen,DEN,51,8.9,0.9,2.3,0.397,0.0,0.1,0.167,0.2,0.3,0.923,0.7,0.9,1.6,0.3,0.2,0.1,0.4,1.3,2.1,-2.3,2009-10
201612,Malik Hairston,SAS,47,6.7,0.9,1.6,0.526,0.0,0.2,0.182,0.4,0.6,0.567,0.3,0.8,1.0,0.3,0.1,0.2,0.2,0.6,2.1,-0.3,2009-10
1938,Manu Ginobili,SAS,75,28.7,5.3,12.0,0.441,1.8,4.7,0.377,4.1,4.7,0.87,0.9,2.9,3.8,4.9,1.4,0.3,2.1,2.1,16.5,5.2,2009-10
201188,Marc Gasol,MEM,69,35.8,5.5,9.4,0.581,0.0,0.0,0.0,3.7,5.4,0.67,3.0,6.3,9.3,2.4,1.0,1.6,2.0,3.7,14.6,1.6,2009-10
101162,Marcin Gortat,ORL,81,13.4,1.5,2.8,0.533,0.0,0.0,0.0,0.6,0.9,0.68,1.3,2.9,4.2,0.2,0.2,0.9,0.6,1.7,3.6,0.5,2009-10
201158,Marco Belinelli,TOR,66,17.0,2.3,5.7,0.406,0.9,2.4,0.38,1.5,1.8,0.835,0.2,1.2,1.4,1.3,0.6,0.1,0.9,1.2,7.1,1.2,2009-10
2556,Marcus Banks,TOR,22,11.1,1.8,3.3,0.534,0.3,1.1,0.292,1.1,1.3,0.828,0.1,0.9,1.0,1.2,0.5,0.1,0.9,1.4,5.0,-0.9,2009-10
948,Marcus Camby,POR,74,31.3,3.2,6.8,0.475,0.0,0.1,0.286,1.1,1.6,0.639,3.4,8.4,11.8,2.5,1.3,2.0,1.2,2.2,7.5,1.4,2009-10
2409,Marcus Haislip,SAS,10,4.4,1.0,2.1,0.476,0.3,0.5,0.6,0.2,0.5,0.4,0.4,0.6,1.0,0.0,0.0,0.2,0.3,0.5,2.5,-0.5,2009-10
202068,Marcus Landry,BOS,18,6.1,0.9,2.4,0.372,0.5,1.6,0.321,0.2,0.3,0.6,0.3,0.8,1.1,0.0,0.1,0.1,0.3,0.8,2.4,0.2,2009-10
201977,Marcus Thornton,NOH,73,25.6,5.5,12.1,0.451,1.6,4.3,0.374,2.0,2.4,0.814,1.0,1.9,2.9,1.6,0.8,0.2,1.0,1.7,14.5,-1.1,2009-10
200766,Marcus Williams,MEM,62,14.1,1.7,4.4,0.384,0.4,1.3,0.296,0.6,0.9,0.673,0.2,1.3,1.5,2.6,0.5,0.0,1.2,0.7,4.3,-2.2,2009-10
200776,Mardy Collins,LAC,43,10.9,1.1,3.0,0.367,0.1,0.4,0.235,0.3,0.5,0.619,0.3,0.9,1.2,1.0,0.5,0.0,0.7,1.0,2.6,-2.5,2009-10
201596,Mario Chalmers,MIA,73,24.8,2.5,6.2,0.401,1.0,3.2,0.318,1.1,1.5,0.745,0.3,1.5,1.8,3.4,1.2,0.2,1.7,2.4,7.1,0.2,2009-10
201238,Mario West,ATL,39,3.6,0.3,0.5,0.571,0.0,0.0,0.0,0.2,0.3,0.6,0.2,0.5,0.7,0.2,0.2,0.0,0.2,0.6,0.8,-0.7,2009-10
2605,Marquis Daniels,BOS,51,18.4,2.4,4.9,0.498,0.1,0.5,0.214,0.7,1.1,0.607,0.5,1.3,1.9,1.3,0.5,0.1,0.8,1.8,5.6,0.4,2009-10
201578,Marreese Speights,PHI,62,16.4,3.4,7.2,0.477,0.0,0.1,0.0,1.7,2.3,0.745,1.4,2.7,4.1,0.6,0.5,0.5,0.8,2.5,8.6,-3.1,2009-10
101110,Martell Webster,POR,82,24.5,3.2,7.8,0.405,1.5,4.0,0.373,1.5,1.9,0.813,0.6,2.7,3.3,0.8,0.5,0.5,0.7,1.9,9.4,1.3,2009-10
101107,Marvin Williams,ATL,81,30.5,3.7,8.2,0.455,0.5,1.6,0.303,2.2,2.7,0.819,1.3,3.8,5.1,1.1,0.8,0.6,0.9,2.0,10.1,3.0,2009-10
2440,Matt Barnes,ORL,81,25.9,3.3,6.9,0.487,0.8,2.6,0.319,1.3,1.8,0.74,1.3,4.2,5.5,1.7,0.7,0.4,1.4,2.3,8.8,5.6,2009-10
2588,Matt Bonner,SAS,65,17.9,2.6,5.7,0.446,1.4,3.6,0.39,0.5,0.7,0.729,0.8,2.5,3.3,1.0,0.5,0.4,0.6,1.7,7.0,3.2,2009-10
2679,Matt Carroll,DAL,25,4.8,0.7,2.0,0.36,0.2,0.8,0.211,0.2,0.2,1.0,0.2,0.3,0.5,0.2,0.2,0.0,0.3,0.5,1.8,-0.5,2009-10
2230,Maurice Evans,ATL,79,16.7,2.2,5.0,0.445,0.7,2.1,0.337,0.6,0.8,0.754,0.7,1.2,1.9,0.6,0.4,0.2,0.3,1.6,5.7,-0.1,2009-10
2246,Mehmet Okur,UTA,73,29.4,4.9,10.6,0.458,1.1,2.9,0.385,2.7,3.3,0.82,1.8,5.2,7.1,1.6,0.5,1.1,1.7,3.1,13.5,2.5,2009-10
1897,Metta World Peace,LAL,77,33.8,4.0,9.6,0.414,1.4,3.8,0.355,1.7,2.4,0.688,1.3,3.0,4.3,3.0,1.4,0.3,1.6,2.1,11.0,4.7,2009-10
201563,Michael Beasley,MIA,78,29.8,6.0,13.3,0.45,0.4,1.3,0.275,2.5,3.1,0.8,1.6,4.8,6.4,1.3,1.0,0.6,1.7,2.8,14.8,0.2,2009-10
714,Michael Finley,BOS,46,15.4,1.8,4.0,0.44,0.7,1.8,0.39,0.2,0.3,0.533,0.1,1.4,1.5,0.9,0.2,0.1,0.5,0.7,4.4,0.2,2009-10
2072,Michael Redd,MIL,18,27.3,4.2,11.8,0.352,1.0,3.3,0.3,2.6,3.7,0.712,0.6,2.4,3.0,2.2,1.1,0.1,0.8,1.3,11.9,-5.6,2009-10
2554,Mickael Pietrus,ORL,75,22.5,3.1,7.2,0.432,1.5,4.1,0.379,0.9,1.5,0.633,0.5,2.3,2.9,0.7,0.7,0.4,0.9,1.8,8.7,1.6,2009-10
1710,Mike Bibby,ATL,80,27.4,3.4,8.1,0.416,1.6,4.1,0.389,0.9,1.0,0.861,0.3,2.1,2.3,3.9,0.8,0.0,1.1,2.0,9.1,4.5,2009-10
201144,Mike Conley,MEM,80,32.1,4.6,10.4,0.445,1.0,2.7,0.387,1.7,2.3,0.743,0.4,2.0,2.4,5.3,1.4,0.2,2.1,2.2,12.0,0.4,2009-10
2399,Mike Dunleavy,IND,67,22.2,3.4,8.3,0.41,1.1,3.5,0.318,2.0,2.4,0.842,0.4,3.1,3.5,1.5,0.6,0.2,1.1,1.6,9.9,-0.8,2009-10
200839,Mike Harris,HOU,13,7.4,0.8,2.3,0.367,0.0,0.1,0.0,0.5,0.8,0.636,0.8,1.1,1.8,0.2,0.4,0.1,0.7,1.1,2.2,-2.8,2009-10
2229,Mike James,WAS,4,11.4,1.5,5.0,0.3,0.5,1.5,0.333,1.0,2.0,0.5,0.3,0.5,0.8,1.3,0.8,0.0,1.3,0.8,4.5,0.5,2009-10
2034,Mike Miller,WAS,54,33.4,4.0,8.0,0.501,1.5,3.2,0.48,1.3,1.6,0.824,1.0,5.2,6.2,3.9,0.7,0.2,2.1,2.4,10.9,-2.8,2009-10
2366,Mike Wilks,OKC,4,14.8,1.5,3.0,0.5,0.5,0.8,0.667,0.5,1.0,0.5,0.3,0.8,1.0,1.0,0.0,0.0,1.0,1.3,4.0,-7.3,2009-10
1630,Mikki Moore,GSW,23,17.6,2.3,3.9,0.6,0.0,0.0,0.0,0.3,0.5,0.636,1.1,1.9,3.0,1.6,0.2,0.6,0.9,2.6,5.0,-5.7,2009-10
2590,Mo Williams,CLE,69,34.2,5.5,12.4,0.442,2.3,5.4,0.429,2.6,2.9,0.894,0.4,2.6,3.0,5.3,1.0,0.3,2.5,2.5,15.8,3.8,2009-10
101145,Monta Ellis,GSW,64,41.4,9.9,22.0,0.449,1.2,3.6,0.338,4.6,6.1,0.753,0.7,3.3,4.0,5.3,2.2,0.4,3.8,3.0,25.5,-6.2,2009-10
2050,Morris Peterson,NOH,46,21.1,2.5,6.5,0.385,1.3,3.7,0.363,0.7,1.2,0.611,0.4,2.4,2.7,0.9,0.5,0.1,0.6,1.8,7.1,-2.7,2009-10
101126,Nate Robinson,BOS,56,19.9,3.8,8.8,0.436,1.6,4.0,0.39,0.9,1.2,0.746,0.5,1.5,2.0,2.9,0.9,0.1,1.3,2.1,10.1,-1.3,2009-10
201605,Nathan Jawai,MIN,39,10.6,1.3,2.8,0.441,0.0,0.0,0.0,0.7,1.0,0.684,1.3,1.4,2.7,0.6,0.3,0.2,0.7,1.5,3.2,-1.9,2009-10
1737,Nazr Mohammed,CHA,58,17.0,3.3,5.9,0.553,0.0,0.0,0.0,1.4,2.2,0.648,2.0,3.3,5.2,0.5,0.3,0.7,0.9,1.8,7.9,-0.2,2009-10
2420,Nenad Krstic,OKC,76,22.9,3.7,7.4,0.502,0.0,0.1,0.2,1.0,1.4,0.717,1.8,3.3,5.0,0.7,0.4,0.6,0.8,2.3,8.4,1.5,2009-10
2403,Nene,DEN,82,33.6,5.1,8.7,0.587,0.0,0.0,0.0,3.6,5.1,0.704,2.0,5.6,7.6,2.5,1.4,1.0,1.5,3.4,13.8,3.9,2009-10
2555,Nick Collison,OKC,75,20.8,2.4,4.1,0.589,0.0,0.1,0.25,1.0,1.4,0.692,2.0,3.1,5.1,0.5,0.5,0.6,0.8,3.1,5.9,3.6,2009-10
201156,Nick Young,WAS,74,19.2,3.1,7.5,0.418,0.9,2.3,0.406,1.4,1.8,0.8,0.3,1.1,1.4,0.6,0.4,0.1,0.8,2.0,8.6,-0.7,2009-10
201587,Nicolas Batum,POR,37,24.8,3.8,7.2,0.519,1.5,3.6,0.409,1.2,1.4,0.843,0.9,2.9,3.8,1.2,0.6,0.7,0.7,2.2,10.1,3.5,2009-10
201564,O.J. Mayo,MEM,82,38.0,6.6,14.4,0.458,1.7,4.3,0.383,2.6,3.2,0.809,0.7,3.0,3.8,3.0,1.2,0.2,2.1,2.1,17.5,-0.7,2009-10
200762,Oleksiy Pecherov,MIN,44,10.2,1.8,4.3,0.41,0.3,1.2,0.269,0.7,0.7,0.906,0.7,2.1,2.8,0.3,0.2,0.3,0.7,1.3,4.5,-0.4,2009-10
201802,Oliver Lafayette,BOS,1,21.5,3.0,6.0,0.5,1.0,2.0,0.5,0.0,0.0,0.0,1.0,3.0,4.0,2.0,0.0,0.0,1.0,0.0,7.0,-9.0,2009-10
201956,Omri Casspi,SAC,77,25.1,3.9,8.7,0.446,1.0,2.6,0.369,1.5,2.3,0.672,1.0,3.6,4.5,1.2,0.7,0.2,1.3,1.6,10.3,-1.5,2009-10
201629,Othello Hunter,ATL,7,4.7,0.6,1.7,0.333,0.0,0.0,0.0,0.4,0.6,0.75,0.9,0.9,1.7,0.0,0.0,0.1,0.4,0.7,1.6,-2.1,2009-10
201785,Othyus Jeffers,UTA,14,5.2,0.9,2.1,0.414,0.0,0.0,0.0,0.9,1.4,0.684,0.6,0.8,1.4,0.1,0.3,0.0,0.4,0.7,2.6,0.3,2009-10
200753,Patrick O'Bryant,TOR,11,4.6,0.7,1.4,0.533,0.0,0.1,0.0,0.3,0.5,0.5,0.2,0.8,1.0,0.1,0.2,0.4,0.5,1.1,1.7,-1.9,2009-10
201988,Patty Mills,POR,10,3.8,1.0,2.4,0.417,0.2,0.4,0.5,0.4,0.7,0.571,0.1,0.1,0.2,0.5,0.0,0.0,0.4,0.6,2.6,-1.5,2009-10
2200,Pau Gasol,LAL,65,37.0,7.0,13.0,0.536,0.0,0.1,0.0,4.4,5.6,0.79,3.7,7.6,11.3,3.4,0.6,1.7,2.2,2.3,18.3,4.8,2009-10
200781,Paul Davis,WAS,2,4.0,1.0,2.0,0.5,0.0,0.0,0.0,0.5,1.0,0.5,0.0,0.0,0.0,1.5,0.0,0.5,0.0,0.0,2.5,0.5,2009-10
200794,Paul Millsap,UTA,82,27.8,4.7,8.7,0.538,0.0,0.1,0.111,2.2,3.2,0.693,2.3,4.5,6.8,1.6,0.8,1.2,1.4,3.5,11.6,4.0,2009-10
1718,Paul Pierce,BOS,71,34.0,5.8,12.2,0.472,1.5,3.7,0.414,5.2,6.1,0.852,0.5,3.8,4.4,3.1,1.2,0.4,2.3,2.8,18.3,3.5,2009-10
978,Peja Stojakovic,NOH,62,31.4,4.5,11.1,0.404,2.1,5.7,0.375,1.5,1.7,0.897,0.6,3.0,3.7,1.5,0.8,0.1,0.9,1.3,12.6,-0.6,2009-10
200822,Pops Mensah-Bonsu,TOR,20,6.0,0.7,1.7,0.394,0.0,0.0,0.0,0.7,1.2,0.542,0.8,1.0,1.8,0.2,0.2,0.5,0.5,1.0,2.0,-1.9,2009-10
2056,Primoz Brezec,MIL,21,4.5,0.4,1.2,0.346,0.0,0.0,0.0,0.0,0.3,0.167,0.6,0.6,1.2,0.0,0.0,0.1,0.1,0.9,0.9,0.0,2009-10
2047,Quentin Richardson,MIA,76,27.4,3.2,7.4,0.431,1.9,4.7,0.397,0.7,0.9,0.732,0.8,4.1,4.9,1.2,0.9,0.2,0.8,2.2,8.9,2.8,2009-10
2624,Quinton Ross,WAS,52,10.8,0.8,2.1,0.36,0.1,0.4,0.19,0.2,0.3,0.571,0.3,0.6,0.9,0.2,0.3,0.1,0.2,1.3,1.8,-1.7,2009-10
1747,Rafer Alston,MIA,52,27.3,3.0,8.6,0.348,1.1,3.2,0.345,1.1,1.6,0.728,0.3,2.2,2.5,3.4,1.0,0.2,1.8,2.0,8.2,-2.5,2009-10
1952,Raja Bell,GSW,6,30.1,4.7,10.2,0.459,2.0,4.5,0.444,0.5,0.5,1.0,0.8,3.0,3.8,2.2,0.7,0.3,0.8,2.5,11.8,4.7,2009-10
200765,Rajon Rondo,BOS,81,36.6,5.7,11.2,0.508,0.2,1.0,0.213,2.2,3.5,0.621,1.2,3.2,4.4,9.8,2.3,0.1,3.0,2.4,13.7,3.7,2009-10
201196,Ramon Sessions,MIN,82,21.1,3.1,6.8,0.456,0.0,0.2,0.067,2.0,2.8,0.717,0.7,1.9,2.6,3.1,0.7,0.1,1.7,1.7,8.2,-2.6,2009-10
201043,Randolph Morris,ATL,28,4.4,0.8,1.5,0.561,0.0,0.0,0.0,0.6,1.0,0.593,0.4,1.0,1.4,0.1,0.2,0.1,0.4,1.2,2.2,-0.5,2009-10
200751,Randy Foye,WAS,70,23.8,3.7,8.8,0.414,0.9,2.6,0.346,1.8,2.1,0.89,0.2,1.6,1.9,3.3,0.5,0.1,1.3,1.8,10.1,-3.4,2009-10
1740,Rashard Lewis,ORL,72,32.9,4.9,11.2,0.435,2.3,5.9,0.397,2.0,2.5,0.806,0.9,3.6,4.4,1.5,1.1,0.4,1.5,2.5,14.1,4.8,2009-10
739,Rasheed Wallace,BOS,79,22.5,3.4,8.2,0.409,1.0,3.7,0.283,1.2,1.6,0.768,0.5,3.6,4.1,1.0,1.0,0.9,0.8,2.8,9.0,0.7,2009-10
1725,Rasho Nesterovic,TOR,42,9.8,1.9,3.5,0.544,0.0,0.0,0.0,0.0,0.1,0.2,0.9,1.2,2.1,0.6,0.2,0.4,0.4,1.3,3.9,-2.5,2009-10
2446,Rasual Butler,LAC,82,33.0,4.3,10.6,0.409,1.8,5.3,0.336,1.5,1.8,0.841,0.5,2.5,2.9,1.4,0.4,0.8,1.0,1.5,11.9,-3.7,2009-10
951,Ray Allen,BOS,80,35.2,5.8,12.2,0.477,1.8,5.0,0.363,2.9,3.2,0.913,0.6,2.6,3.2,2.6,0.8,0.3,1.6,2.3,16.3,5.2,2009-10
101109,Raymond Felton,CHA,80,33.0,4.9,10.6,0.459,0.8,2.0,0.385,1.7,2.2,0.763,0.7,2.9,3.6,5.6,1.5,0.3,2.1,2.2,12.1,1.6,2009-10
2501,Reggie Evans,TOR,28,11.1,1.2,2.5,0.493,0.0,0.0,0.0,1.0,2.1,0.45,1.1,2.7,3.8,0.3,0.5,0.1,0.8,1.6,3.4,-0.2,2009-10
202130,Reggie Williams,GSW,24,32.6,5.8,11.8,0.495,1.4,3.8,0.359,2.2,2.6,0.839,0.8,3.8,4.6,2.8,1.0,0.3,1.2,2.0,15.2,-2.2,2009-10
200764,Renaldo Balkman,DEN,13,7.0,0.5,1.4,0.333,0.0,0.5,0.0,0.2,0.5,0.333,0.3,1.5,1.8,0.5,0.6,0.2,0.5,1.2,1.1,-2.8,2009-10
1888,Richard Hamilton,DET,46,33.7,6.4,15.6,0.409,0.9,3.0,0.297,4.4,5.2,0.846,0.7,2.0,2.7,4.4,0.7,0.1,2.5,2.5,18.1,-3.0,2009-10
2210,Richard Jefferson,SAS,81,31.1,4.5,9.6,0.467,0.7,2.3,0.316,2.6,3.5,0.735,0.7,3.7,4.4,2.0,0.6,0.5,1.3,2.2,12.3,3.8,2009-10
1729,Ricky Davis,LAC,36,13.9,1.7,4.0,0.434,0.4,1.2,0.381,0.5,0.9,0.581,0.3,1.3,1.6,1.1,0.3,0.1,0.8,1.1,4.4,-3.3,2009-10
201577,Robin Lopez,PHX,51,19.3,3.4,5.7,0.588,0.0,0.0,0.0,1.7,2.5,0.704,2.0,2.8,4.9,0.1,0.2,1.0,0.8,2.3,8.4,1.9,2009-10
200760,Rodney Carney,PHI,68,12.6,1.7,4.1,0.401,0.6,2.0,0.304,0.8,0.9,0.825,0.4,1.6,2.0,0.5,0.4,0.3,0.3,1.2,4.7,-1.5,2009-10
201155,Rodney Stuckey,DET,73,34.2,6.2,15.2,0.405,0.2,1.1,0.228,4.1,4.9,0.833,0.9,2.9,3.8,4.8,1.4,0.2,2.2,2.8,16.6,-1.5,2009-10
201958,Rodrigue Beaubois,DAL,56,12.5,2.8,5.3,0.518,0.8,2.0,0.409,0.8,0.9,0.808,0.2,1.2,1.4,1.3,0.5,0.2,1.0,1.5,7.1,1.0,2009-10
2427,Roger Mason Jr.,SAS,79,19.2,2.4,6.3,0.389,1.1,3.3,0.333,0.3,0.4,0.794,0.1,1.9,2.1,1.7,0.4,0.2,0.7,1.3,6.3,0.8,2009-10
101146,Roko Ukic,MIL,13,7.5,1.1,2.3,0.467,0.2,0.9,0.25,0.7,0.8,0.818,0.0,0.2,0.2,0.9,0.1,0.0,0.5,0.5,3.1,1.3,2009-10
200758,Ronnie Brewer,MEM,58,30.0,3.6,7.4,0.487,0.1,0.5,0.258,1.5,2.3,0.639,0.8,2.4,3.2,2.7,1.6,0.3,0.9,1.4,8.8,1.4,2009-10
101179,Ronnie Price,UTA,60,13.4,1.6,4.0,0.405,0.3,1.1,0.286,0.7,1.0,0.695,0.5,0.8,1.2,2.1,0.7,0.2,0.9,1.8,4.3,0.4,2009-10
101142,Ronny Turiaf,GSW,42,20.8,2.0,3.5,0.582,0.0,0.0,0.0,0.9,1.9,0.474,1.3,3.3,4.5,2.1,0.5,1.3,1.2,2.3,4.9,-0.2,2009-10
201579,Roy Hibbert,IND,81,25.1,4.8,9.7,0.495,0.0,0.1,0.5,2.1,2.8,0.754,2.2,3.5,5.7,2.0,0.4,1.6,1.8,3.5,11.7,0.1,2009-10
2767,Royal Ivey,MIL,44,7.4,0.8,1.9,0.422,0.3,0.8,0.4,0.2,0.3,0.75,0.1,0.6,0.8,0.6,0.4,0.0,0.3,0.9,2.1,0.1,2009-10
201164,Rudy Fernandez,POR,62,23.2,2.6,6.8,0.378,1.6,4.3,0.368,1.4,1.6,0.867,0.6,2.1,2.6,2.0,1.0,0.2,1.2,1.4,8.1,0.6,2009-10
200752,Rudy Gay,MEM,80,39.7,7.5,16.1,0.466,0.8,2.5,0.327,3.8,5.0,0.753,1.4,4.5,5.9,1.9,1.5,0.8,2.1,2.5,19.6,0.1,2009-10
201566,Russell Westbrook,OKC,82,34.3,5.9,14.1,0.418,0.3,1.3,0.221,4.0,5.1,0.78,1.7,3.1,4.9,8.0,1.3,0.4,3.3,2.5,16.1,3.4,2009-10
201583,Ryan Anderson,ORL,63,14.5,2.7,6.2,0.436,1.2,3.3,0.37,1.1,1.3,0.866,1.1,2.1,3.2,0.6,0.4,0.2,0.9,1.3,7.7,2.6,2009-10
1763,Ryan Bowen,OKC,1,7.9,1.0,1.0,1.0,0.0,0.0,0.0,2.0,2.0,1.0,1.0,1.0,2.0,0.0,1.0,0.0,0.0,2.0,4.0,10.0,2009-10
101155,Ryan Gomes,MIN,76,29.1,4.3,9.6,0.447,1.0,2.6,0.372,1.4,1.7,0.825,1.0,3.6,4.6,1.6,0.8,0.2,1.3,2.0,10.9,-5.5,2009-10
200797,Ryan Hollins,MIN,73,16.8,2.3,4.2,0.558,0.0,0.0,0.0,1.5,2.2,0.69,1.1,1.8,2.8,0.7,0.3,0.5,1.3,2.7,6.1,-5.8,2009-10
201970,Sam Young,MEM,80,16.5,2.8,6.2,0.451,0.1,0.7,0.196,1.7,2.2,0.777,1.0,1.6,2.5,0.7,0.4,0.3,1.2,1.3,7.4,-2.9,2009-10
2223,Samuel Dalembert,PHI,82,25.9,3.5,6.4,0.545,0.0,0.0,0.0,1.2,1.6,0.729,2.9,6.6,9.6,0.8,0.5,1.8,1.5,3.1,8.1,-2.6,2009-10
2562,Sasha Pavlovic,MIN,71,12.3,1.5,4.2,0.363,0.5,1.7,0.297,0.1,0.4,0.385,0.2,1.5,1.6,0.8,0.3,0.1,0.7,1.2,3.7,-3.9,2009-10
2756,Sasha Vujacic,LAL,67,8.6,1.0,2.4,0.402,0.4,1.2,0.309,0.4,0.5,0.848,0.4,0.8,1.2,0.6,0.3,0.1,0.3,1.0,2.8,-0.1,2009-10
1752,Sean Marks,NOH,14,5.3,0.3,0.6,0.5,0.0,0.0,0.0,0.1,0.4,0.4,1.0,0.6,1.6,0.1,0.0,0.2,0.1,1.2,0.7,-0.6,2009-10
101118,Sean May,SAC,37,9.0,1.4,3.0,0.459,0.0,0.1,0.0,0.6,0.9,0.656,0.5,1.4,1.9,0.5,0.3,0.2,0.5,1.2,3.3,0.3,2009-10
201157,Sean Williams,NJN,20,11.4,1.1,2.5,0.429,0.0,0.1,0.0,0.5,1.0,0.526,1.1,1.3,2.3,0.1,0.4,1.0,1.0,2.1,2.6,-1.3,2009-10
2742,Sebastian Telfair,CLE,43,15.3,1.9,4.7,0.413,0.3,1.3,0.232,0.7,0.9,0.784,0.1,0.9,1.0,2.9,0.6,0.1,1.2,1.7,4.8,-2.7,2009-10
201586,Serge Ibaka,OKC,73,18.1,2.8,5.1,0.543,0.0,0.0,0.5,0.8,1.3,0.63,1.9,3.5,5.4,0.1,0.3,1.3,0.9,2.7,6.3,0.1,2009-10
200771,Sergio Rodriguez,NYK,66,15.9,2.5,5.3,0.476,0.5,1.4,0.352,1.0,1.4,0.731,0.4,1.0,1.3,3.2,0.8,0.1,1.7,1.3,6.6,-0.6,2009-10
2203,Shane Battier,HOU,67,32.4,2.7,6.7,0.398,1.5,4.2,0.362,1.1,1.6,0.726,1.1,3.6,4.7,2.4,0.8,1.1,1.0,2.1,8.0,-0.2,2009-10
200769,Shannon Brown,LAL,82,20.7,3.1,7.2,0.427,0.8,2.3,0.328,1.2,1.5,0.818,0.4,1.9,2.2,1.3,0.7,0.4,0.8,1.6,8.1,0.2,2009-10
406,Shaquille O'Neal,CLE,53,23.4,4.9,8.7,0.566,0.0,0.0,0.0,2.1,4.3,0.496,1.8,4.9,6.7,1.5,0.3,1.2,2.0,3.2,12.0,1.8,2009-10
2733,Shaun Livingston,WAS,36,22.1,2.9,5.6,0.517,0.0,0.2,0.0,1.2,1.3,0.875,0.4,1.7,2.2,3.6,0.5,0.3,1.6,1.7,6.9,0.7,2009-10
101183,Shavlik Randolph,MIA,6,8.8,1.0,3.0,0.333,0.0,0.0,0.0,0.3,0.3,1.0,1.2,1.2,2.3,0.2,0.2,0.2,0.5,1.5,2.3,1.7,2009-10
1890,Shawn Marion,DAL,75,31.8,5.3,10.4,0.508,0.0,0.3,0.158,1.4,1.9,0.755,2.1,4.3,6.4,1.4,0.9,0.8,1.3,1.9,12.0,3.1,2009-10
200749,Shelden Williams,BOS,54,11.1,1.2,2.2,0.521,0.0,0.0,0.0,1.4,1.8,0.765,0.9,1.8,2.7,0.4,0.2,0.4,0.6,1.6,3.7,0.6,2009-10
200780,Solomon Jones,IND,52,13.0,1.5,3.4,0.443,0.0,0.1,0.0,1.0,1.4,0.718,1.0,1.8,2.8,0.6,0.3,0.7,0.8,2.4,4.0,-2.6,2009-10
201603,Sonny Weems,TOR,69,19.8,3.4,6.6,0.515,0.0,0.2,0.133,0.6,0.9,0.688,0.6,2.2,2.8,1.5,0.6,0.4,0.9,1.8,7.5,-0.8,2009-10
201150,Spencer Hawes,SAC,72,26.4,4.3,9.3,0.468,0.4,1.2,0.299,1.0,1.5,0.689,2.0,4.0,6.1,2.2,0.4,1.2,1.8,2.8,10.0,-3.1,2009-10
201939,Stephen Curry,GSW,80,36.2,6.6,14.3,0.462,2.1,4.8,0.437,2.2,2.5,0.885,0.6,3.9,4.5,5.9,1.9,0.2,3.0,3.2,17.5,-2.3,2009-10
101211,Stephen Graham,CHA,70,11.5,1.7,3.4,0.496,0.2,0.7,0.32,0.6,0.9,0.646,0.3,1.6,1.9,0.3,0.3,0.1,0.5,1.3,4.2,-0.2,2009-10
1536,Stephen Jackson,CHA,81,38.6,7.4,17.5,0.423,1.6,4.9,0.328,4.2,5.4,0.779,1.0,4.0,5.0,3.7,1.6,0.5,3.2,2.4,20.6,1.6,2009-10
2581,Steve Blake,LAC,80,27.0,2.7,6.5,0.416,1.5,3.7,0.395,0.5,0.6,0.75,0.3,2.1,2.3,4.8,0.7,0.1,1.6,1.5,7.3,-1.6,2009-10
959,Steve Nash,PHX,81,32.8,6.2,12.2,0.507,1.5,3.6,0.426,2.6,2.8,0.938,0.4,2.9,3.3,11.0,0.5,0.1,3.6,1.3,16.5,4.7,2009-10
200779,Steve Novak,LAC,54,6.7,0.8,2.0,0.389,0.4,1.3,0.31,0.1,0.2,0.778,0.0,0.6,0.6,0.1,0.1,0.0,0.0,0.4,2.1,-1.6,2009-10
2212,Steven Hunter,MEM,21,7.5,0.8,2.0,0.395,0.0,0.0,0.0,0.9,1.7,0.528,0.9,1.1,2.0,0.0,0.0,0.5,0.4,0.5,2.5,-1.5,2009-10
202178,Sundiata Gaines,UTA,32,6.8,1.2,2.6,0.463,0.2,0.8,0.269,0.7,1.4,0.5,0.2,0.7,0.9,1.2,0.4,0.0,0.4,0.5,3.3,0.4,2009-10
2551,T.J. Ford,IND,47,25.3,4.0,8.9,0.445,0.2,1.1,0.16,2.2,2.9,0.77,0.9,2.3,3.2,3.8,0.9,0.2,1.9,2.2,10.3,-3.7,2009-10
201959,Taj Gibson,CHI,82,26.9,3.8,7.7,0.494,0.0,0.0,0.0,1.4,2.1,0.646,2.8,4.7,7.5,0.9,0.6,1.3,1.4,3.4,9.0,-0.8,2009-10
201981,Taylor Griffin,PHX,8,4.1,0.5,1.3,0.4,0.0,0.3,0.0,0.3,0.5,0.5,0.0,0.3,0.3,0.1,0.0,0.3,0.1,0.5,1.3,-0.4,2009-10
2419,Tayshaun Prince,DET,49,34.0,5.8,11.8,0.486,0.6,1.5,0.37,1.4,2.0,0.714,1.4,3.6,5.1,3.3,0.7,0.4,1.2,1.6,13.5,-3.0,2009-10
201944,Terrence Williams,NJN,78,22.6,3.3,8.3,0.401,0.4,1.3,0.31,1.3,1.8,0.715,0.6,3.9,4.5,2.9,0.6,0.1,1.6,1.6,8.4,-3.4,2009-10
200757,Thabo Sefolosha,OKC,82,28.6,2.4,5.4,0.44,0.5,1.6,0.313,0.7,1.1,0.674,0.9,3.8,4.7,1.8,1.2,0.6,1.1,1.9,6.0,1.0,2009-10
201152,Thaddeus Young,PHI,67,32.0,5.7,12.1,0.47,0.7,2.1,0.348,1.7,2.5,0.691,1.9,3.3,5.2,1.4,1.2,0.2,1.9,2.0,13.8,-2.1,2009-10
689,Theo Ratliff,CHA,49,16.5,1.4,3.1,0.461,0.0,0.0,0.0,0.8,1.0,0.76,1.2,2.0,3.2,0.5,0.2,1.2,0.8,1.8,3.6,-0.3,2009-10
1495,Tim Duncan,SAS,78,31.3,7.2,13.9,0.518,0.0,0.1,0.182,3.5,4.8,0.725,2.8,7.3,10.1,3.2,0.6,1.5,1.8,1.9,17.9,4.9,2009-10
1501,Tim Thomas,DAL,18,15.8,2.7,5.9,0.462,0.9,2.4,0.372,1.2,1.3,0.875,0.7,1.6,2.3,0.8,0.6,0.1,0.8,1.7,7.5,-0.6,2009-10
201962,Toney Douglas,NYK,56,19.4,3.2,7.0,0.458,1.2,3.1,0.389,1.0,1.2,0.809,0.7,1.2,1.9,2.0,0.8,0.1,1.0,2.1,8.6,-1.9,2009-10
2754,Tony Allen,BOS,54,16.5,2.4,4.7,0.51,0.0,0.1,0.0,1.3,2.2,0.605,1.0,1.7,2.7,1.3,1.1,0.4,1.2,2.0,6.1,-0.6,2009-10
1499,Tony Battie,NJN,15,8.9,0.9,2.7,0.35,0.1,0.3,0.25,0.5,0.7,0.7,0.3,1.3,1.5,0.2,0.3,0.1,0.2,1.3,2.4,-3.5,2009-10
2225,Tony Parker,SAS,56,30.9,6.2,12.8,0.487,0.2,0.6,0.294,3.3,4.4,0.756,0.1,2.3,2.4,5.7,0.5,0.1,2.7,1.7,16.0,3.9,2009-10
1503,Tracy McGrady,NYK,30,22.4,3.0,7.8,0.387,0.5,2.1,0.25,1.6,2.1,0.746,0.7,2.4,3.1,3.3,0.5,0.5,1.5,1.3,8.2,-3.5,2009-10
101143,Travis Diener,POR,9,5.7,0.2,1.1,0.2,0.1,0.8,0.143,0.1,0.4,0.25,0.0,0.3,0.3,0.9,0.4,0.0,0.0,0.2,0.7,-3.8,2009-10
2566,Travis Outlaw,LAC,34,21.5,3.2,8.3,0.391,1.2,3.1,0.381,1.4,1.7,0.831,1.0,2.6,3.6,1.0,0.5,0.5,0.9,1.3,9.1,-1.3,2009-10
2239,Trenton Hassell,NJN,52,21.3,1.7,4.2,0.411,0.0,0.1,0.0,1.0,1.3,0.754,1.1,1.8,2.9,1.0,0.3,0.2,0.9,1.8,4.5,-6.8,2009-10
2772,Trevor Ariza,HOU,72,36.5,5.5,13.9,0.394,1.9,5.7,0.334,2.1,3.2,0.649,1.1,4.5,5.6,3.8,1.8,0.6,2.2,2.3,14.9,-0.2,2009-10
201821,Trey Gilder,MEM,2,2.6,0.5,0.5,1.0,0.0,0.0,0.0,0.0,0.0,0.0,0.0,0.5,0.5,0.0,0.5,0.0,0.0,0.0,1.0,1.5,2009-10
2211,Troy Murphy,IND,72,32.6,5.3,11.3,0.472,1.8,4.6,0.384,2.1,2.7,0.798,1.8,8.4,10.2,2.1,1.0,0.5,1.4,2.4,14.6,-3.7,2009-10
201951,Ty Lawson,DEN,65,20.3,3.1,6.0,0.515,0.5,1.3,0.41,1.6,2.2,0.757,0.6,1.3,1.9,3.1,0.7,0.0,1.3,1.4,8.3,2.6,2009-10
201946,Tyler Hansbrough,IND,29,17.6,2.8,7.8,0.36,0.0,0.1,0.0,2.9,3.9,0.743,2.1,2.7,4.8,1.0,0.6,0.3,0.7,2.4,8.5,-1.9,2009-10
201936,Tyreke Evans,SAC,72,37.2,7.4,16.2,0.458,0.5,2.0,0.255,4.8,6.5,0.748,0.9,4.4,5.3,5.8,1.5,0.4,3.0,2.8,20.1,-4.7,2009-10
200748,Tyrus Thomas,CHA,54,22.6,3.6,7.8,0.462,0.0,0.1,0.0,2.2,3.2,0.686,1.5,4.7,6.2,1.0,1.2,1.6,1.7,2.4,9.4,-0.6,2009-10
2199,Tyson Chandler,CHA,51,22.8,2.1,3.7,0.574,0.0,0.0,0.0,2.3,3.1,0.732,2.2,4.0,6.3,0.3,0.3,1.1,1.8,2.7,6.5,-0.3,2009-10
2617,Udonis Haslem,MIA,78,27.9,4.0,8.1,0.494,0.0,0.0,0.0,1.9,2.5,0.762,2.1,5.9,8.1,0.7,0.4,0.3,1.0,2.2,9.9,0.8,2009-10
1713,Vince Carter,ORL,75,30.8,5.8,13.5,0.428,1.6,4.3,0.367,3.4,4.1,0.84,0.4,3.5,3.9,3.1,0.7,0.2,1.4,2.5,16.6,6.6,2009-10
2209,Vladimir Radmanovic,GSW,41,21.7,2.5,6.7,0.377,0.7,2.6,0.278,0.5,0.7,0.741,1.2,3.1,4.3,1.1,0.7,0.2,1.1,2.4,6.2,-3.1,2009-10
201961,Wayne Ellington,MIN,76,18.2,2.5,5.9,0.424,0.8,2.1,0.395,0.8,0.9,0.871,0.4,1.7,2.1,1.0,0.3,0.1,1.0,0.9,6.6,-2.6,2009-10
202083,Wesley Matthews,UTA,82,24.7,3.3,6.9,0.483,0.8,2.0,0.382,2.0,2.4,0.829,0.6,1.7,2.3,1.5,0.8,0.2,1.1,1.9,9.4,2.5,2009-10
101198,Will Bynum,DET,63,26.5,3.8,8.5,0.444,0.2,0.9,0.218,2.3,2.8,0.798,0.4,1.9,2.3,4.5,0.9,0.1,1.8,2.3,10.0,-4.7,2009-10
101215,Will Conroy,HOU,5,7.2,0.6,2.0,0.3,0.0,0.6,0.0,0.0,0.4,0.0,0.0,0.6,0.6,1.4,0.0,0.0,0.8,1.0,1.2,-3.0,2009-10
2584,Willie Green,PHI,73,21.3,3.4,7.4,0.457,0.6,1.9,0.346,1.3,1.6,0.833,0.3,1.5,1.8,2.1,0.4,0.2,0.9,1.8,8.7,-2.0,2009-10
201163,Wilson Chandler,NYK,65,35.7,6.3,13.2,0.479,0.6,2.3,0.267,2.0,2.5,0.806,1.4,3.9,5.4,2.1,0.7,0.8,1.7,2.8,15.3,-1.9,2009-10
200821,Yakhouba Diawara,MIA,6,7.4,0.3,1.7,0.2,0.2,1.0,0.167,0.0,0.0,0.0,0.2,0.5,0.7,0.5,0.2,0.0,0.5,1.3,0.8,-0.5,2009-10
201146,Yi Jianlian,NJN,52,31.8,4.4,10.8,0.403,0.3,0.8,0.366,3.0,3.7,0.798,2.2,4.9,7.2,0.9,0.7,1.0,1.5,3.3,12.0,-4.3,2009-10
2216,Zach Randolph,MEM,81,37.7,8.0,16.5,0.488,0.2,0.6,0.288,4.5,5.7,0.778,4.1,7.7,11.7,1.8,1.0,0.4,2.1,2.8,20.8,0.2,2009-10
2585,Zaza Pachulia,ATL,78,14.0,1.5,3.2,0.488,0.0,0.1,0.0,1.2,1.8,0.65,1.5,2.3,3.8,0.5,0.5,0.4,0.7,2.4,4.3,-0.2,2009-10
980,Zydrunas Ilgauskas,CLE,64,20.9,3.0,6.8,0.443,0.2,0.4,0.478,1.2,1.6,0.743,1.8,3.6,5.4,0.8,0.2,0.8,1.0,2.9,7.4,3.5,2009-10
